--------- beginning of system
09-16 15:31:05.408  1470  4816 W ActivityManager: pid 20998 xyz.easypro.httpcustom sent binder code 1213022532 with flags 2 to frozen apps and got error -74
09-16 15:31:11.567  1470  4815 W ActivityManager: Unbind failed: could not find connection for android.os.BinderProxy@81fbfc
09-16 15:31:11.568  1470  4815 W ActivityManager: Unable to start service Intent { act=android.telephony.satellite.SatelliteService xflg=0x4 pkg=com.mediatek.satellite.service } U=0: not found
09-16 15:31:15.848  1470  4776 W ActivityManager: pid 20998 xyz.easypro.httpcustom sent binder code 1213022532 with flags 2 to frozen apps and got error -74
09-16 15:31:18.448  1470  4816 I ActivityManager: Changes in 10299 8 to 10, 136 to 0
09-16 15:31:26.308  1470  4815 W ActivityManager: pid 20998 xyz.easypro.httpcustom sent binder code 1213022532 with flags 2 to frozen apps and got error -74
09-16 15:31:36.850  1470  4816 W ActivityManager: pid 20998 xyz.easypro.httpcustom sent binder code 1213022532 with flags 2 to frozen apps and got error -74
09-16 15:31:47.340  1470  4776 W ActivityManager: pid 20998 xyz.easypro.httpcustom sent binder code 1213022532 with flags 2 to frozen apps and got error -74
09-16 15:31:51.378  1470  4816 W ActivityManager: Unbind failed: could not find connection for android.os.BinderProxy@ec93eb1
09-16 15:31:51.379  1470  4816 W ActivityManager: Unable to start service Intent { act=android.telephony.satellite.SatelliteService xflg=0x4 pkg=com.mediatek.satellite.service } U=0: not found
09-16 15:31:51.702  1470  4776 I ActivityManager: Changes in 10363 19 to 8, 0 to 128
09-16 15:31:51.703  1470  4776 I ActivityManager: Changes in 10051 19 to 8, 0 to 128
09-16 15:31:51.748  1470  1509 I ActivityManager: Changes in 10049 19 to 11, 0 to 128
09-16 15:31:51.760  1470  4816 I ActivityManager: Changes in 10049 11 to 5, 128 to 144
09-16 15:31:51.777  1470  4816 I ActivityManager: Changes in 10363 8 to 10, 128 to 0
09-16 15:31:51.777  1470  4816 I ActivityManager: Changes in 10051 8 to 10, 128 to 0
09-16 15:31:51.778  1470  1510 I ActivityManager: Start proc 22165:com.samsung.android.scs/u0a97 for service {com.samsung.android.scs/androidx.work.impl.background.systemjob.SystemJobService}
09-16 15:31:51.778  1470  1510 I ActivityManager: ProcessObserver broadcast disabled
09-16 15:31:51.779  1470  1610 I ActivityManager: Changes in 9510049 19 to 5, 0 to 144
09-16 15:31:51.790  1470  1610 I ActivityManager: Changes in 15010049 19 to 5, 0 to 144
09-16 15:31:51.952  1470  4815 I ActivityManager: Changes in 10097 19 to 8, 0 to 128
09-16 15:31:52.040  1470  1610 I ActivityManager: Changes in 10097 8 to 10, 128 to 0
09-16 15:31:53.009  1470  1626 I ActivityManager: Changes in 10097 19 to 8, 0 to 128
09-16 15:31:53.489  1470  4816 I ActivityManager: Changes in 10097 8 to 10, 128 to 0
09-16 15:31:57.818  1470  1508 I ActivityManager: Changes in 10049 5 to 15, 144 to 0
09-16 15:31:57.818  1470  4776 W ActivityManager: pid 20998 xyz.easypro.httpcustom sent binder code 1213022532 with flags 2 to frozen apps and got error -74
09-16 15:31:57.825  1470  1508 I ActivityManager: Changes in 9510049 5 to 15, 144 to 0
09-16 15:31:57.839  1470  1508 I ActivityManager: Changes in 15010049 5 to 15, 144 to 0
09-16 15:32:08.146  1470  4816 W ActivityManager: Invalid packageName: net.specta.app
09-16 15:32:08.147  1470  4816 W ActivityManager: Invalid packageName: net.specta.app
09-16 15:32:08.147  1470  4816 W ActivityManager: Invalid packageName: net.specta.app
09-16 15:32:08.248  1470  4776 W ActivityManager: pid 20998 xyz.easypro.httpcustom sent binder code 1213022532 with flags 2 to frozen apps and got error -74
09-16 15:32:08.463  1470  1510 I ActivityManager: Start proc 22262:com.sec.android.app.soundalive/u0a119 for content provider {com.sec.android.app.soundalive/com.sec.android.app.soundalive.compatibility.SAContentProvider}
09-16 15:32:08.464  1470  1510 I ActivityManager: ProcessObserver broadcast disabled
09-16 15:32:08.735  1470  1610 I ActivityManager: Changes in 10119 19 to 5, 0 to 144
09-16 15:32:14.387  1470  1510--------- beginning of system
09-16 15:31:05.408  1470  4816 W ActivityManager: pid 20998 xyz.easypro.httpcustom sent binder code 1213022532 with flags 2 to frozen apps and got error -74
09-16 15:31:11.567  1470  4815 W ActivityManager: Unbind failed: could not find connection for android.os.BinderProxy@81fbfc
09-16 15:31:11.568  1470  4815 W ActivityManager: Unable to start service Intent { act=android.telephony.satellite.SatelliteService xflg=0x4 pkg=com.mediatek.satellite.service } U=0: not found
09-16 15:31:15.848  1470  4776 W ActivityManager: pid 20998 xyz.easypro.httpcustom sent binder code 1213022532 with flags 2 to frozen apps and got error -74
09-16 15:31:18.448  1470  4816 I ActivityManager: Changes in 10299 8 to 10, 136 to 0
09-16 15:31:26.308  1470  4815 W ActivityManager: pid 20998 xyz.easypro.httpcustom sent binder code 1213022532 with flags 2 to frozen apps and got error -74
09-16 15:31:36.850  1470  4816 W ActivityManager: pid 20998 xyz.easypro.httpcustom sent binder code 1213022532 with flags 2 to frozen apps and got error -74
09-16 15:31:47.340  1470  4776 W ActivityManager: pid 20998 xyz.easypro.httpcustom sent binder code 1213022532 with flags 2 to frozen apps and got error -74
09-16 15:31:51.378  1470  4816 W ActivityManager: Unbind failed: could not find connection for android.os.BinderProxy@ec93eb1
09-16 15:31:51.379  1470  4816 W ActivityManager: Unable to start service Intent { act=android.telephony.satellite.SatelliteService xflg=0x4 pkg=com.mediatek.satellite.service } U=0: not found
09-16 15:31:51.702  1470  4776 I ActivityManager: Changes in 10363 19 to 8, 0 to 128
09-16 15:31:51.703  1470  4776 I ActivityManager: Changes in 10051 19 to 8, 0 to 128
09-16 15:31:51.748  1470  1509 I ActivityManager: Changes in 10049 19 to 11, 0 to 128
09-16 15:31:51.760  1470  4816 I ActivityManager: Changes in 10049 11 to 5, 128 to 144
09-16 15:31:51.777  1470  4816 I ActivityManager: Changes in 10363 8 to 10, 128 to 0
09-16 15:31:51.777  1470  4816 I ActivityManager: Changes in 10051 8 to 10, 128 to 0
09-16 15:31:51.778  1470  1510 I ActivityManager: Start proc 22165:com.samsung.android.scs/u0a97 for service {com.samsung.android.scs/androidx.work.impl.background.systemjob.SystemJobService}
09-16 15:31:51.778  1470  1510 I ActivityManager: ProcessObserver broadcast disabled
09-16 15:31:51.779  1470  1610 I ActivityManager: Changes in 9510049 19 to 5, 0 to 144
09-16 15:31:51.790  1470  1610 I ActivityManager: Changes in 15010049 19 to 5, 0 to 144
09-16 15:31:51.952  1470  4815 I ActivityManager: Changes in 10097 19 to 8, 0 to 128
09-16 15:31:52.040  1470  1610 I ActivityManager: Changes in 10097 8 to 10, 128 to 0
09-16 15:31:53.009  1470  1626 I ActivityManager: Changes in 10097 19 to 8, 0 to 128
09-16 15:31:53.489  1470  4816 I ActivityManager: Changes in 10097 8 to 10, 128 to 0
09-16 15:31:57.818  1470  1508 I ActivityManager: Changes in 10049 5 to 15, 144 to 0
09-16 15:31:57.818  1470  4776 W ActivityManager: pid 20998 xyz.easypro.httpcustom sent binder code 1213022532 with flags 2 to frozen apps and got error -74
09-16 15:31:57.825  1470  1508 I ActivityManager: Changes in 9510049 5 to 15, 144 to 0
09-16 15:31:57.839  1470  1508 I ActivityManager: Changes in 15010049 5 to 15, 144 to 0
09-16 15:32:08.146  1470  4816 W ActivityManager: Invalid packageName: net.specta.app
09-16 15:32:08.147  1470  4816 W ActivityManager: Invalid packageName: net.specta.app
09-16 15:32:08.147  1470  4816 W ActivityManager: Invalid packageName: net.specta.app
09-16 15:32:08.248  1470  4776 W ActivityManager: pid 20998 xyz.easypro.httpcustom sent binder code 1213022532 with flags 2 to frozen apps and got error -74
09-16 15:32:08.463  1470  1510 I ActivityManager: Start proc 22262:com.sec.android.app.soundalive/u0a119 for content provider {com.sec.android.app.soundalive/com.sec.android.app.soundalive.compatibility.SAContentProvider}
09-16 15:32:08.464  1470  1510 I ActivityManager: ProcessObserver broadcast disabled
09-16 15:32:08.735  1470  1610 I ActivityManager: Changes in 10119 19 to 5, 0 to 144
09-16 15:32:14.387  1470  1510 I ActivityManager: Start proc 22310:com.samsung.android.sm.devicesecurity/u0a184 for broadcast {com.samsung.android.sm.devicesecurity/com.samsung.android.sm.devicesecurity.AppVerificationReceiver}
09-16 15:32:14.387  1470  1510 I ActivityManager: ProcessObserver broadcast disabled
09-16 15:32:14.654  1470  4776 I ActivityManager: Changes in 10184 19 to 11, 0 to 128
09-16 15:32:14.661  1470  1508 I ActivityManager: Changes in 10119 5 to 15, 144 to 0
09-16 15:32:14.676  1470  1510 I ActivityManager: Start proc 22335:com.samsung.android.game.gos/u0a69 for broadcast {com.samsung.android.game.gos/com.samsung.android.game.gos.receiver.GameServiceReceiver}
09-16 15:32:14.677  1470  1510 I ActivityManager: ProcessObserver broadcast disabled
09-16 15:32:14.840  1470  4768 I ActivityManager: Changes in 10069 19 to 11, 0 to 128
09-16 15:32:14.852  1470  4768 I ActivityManager: Changes in 10069 10 to 10, 128 to 0
09-16 15:32:14.863  1470  1510 I ActivityManager: Start proc 22357:com.samsung.android.lool/1000 for broadcast {com.samsung.android.lool/com.samsung.android.sm.security.model.trigger.SecurityBridgeReceiver}
09-16 15:32:14.863  1470  1510 I ActivityManager: ProcessObserver broadcast disabled
09-16 15:32:15.103  1470  4815 W ActivityManager: Slow operation: 178ms so far, now at attachApplicationLocked: before bindApplication
09-16 15:32:15.105  1470  4815 W ActivityManager: Slow operation: 180ms so far, now at attachApplicationLocked: immediately before bindApplication
09-16 15:32:15.111  1470  4815 W ActivityManager: Slow operation: 187ms so far, now at attachApplicationLocked: immediately after bindApplication
09-16 15:32:15.112  1470  4815 W ActivityManager: Slow operation: 187ms so far, now at attachApplicationLocked: after updateLruProcessLocked
09-16 15:32:15.113  1470  4815 W ActivityManager: Slow operation: 188ms so far, now at attachApplicationLocked: after updateOomAdjLocked
09-16 15:32:15.274  1470  1509 I ActivityManager: Changes in 10249 19 to 11, 0 to 128
09-16 15:32:15.337  1470  1510 W ActivityManager: Slow operation: 58ms so far, now at startProcess: returned from zygote!
09-16 15:32:15.433  1470  1510 W ActivityManager: Slow operation: 153ms so far, now at startProcess: done updating battery stats
09-16 15:32:15.433  1470  1510 W ActivityManager: Slow operation: 153ms so far, now at startProcess: building log message
09-16 15:32:15.433  1470  1510 I ActivityManager: Start proc 22379:com.samsung.android.app.routines/u0a62 for service {com.samsung.android.app.routines/com.samsung.android.app.routines.domainmodel.service.RoutineService}
09-16 15:32:15.433  1470  1510 W ActivityManager: Slow operation: 153ms so far, now at startProcess: starting to update pids map
09-16 15:32:15.433  1470  1510 I ActivityManager: ProcessObserver broadcast disabled
09-16 15:32:15.433  1470  1510 W ActivityManager: Slow operation: 153ms so far, now at startProcess: done updating pids map
09-16 15:32:15.452  1470  1509 I ActivityManager: Changes in 10268 19 to 11, 0 to 128
09-16 15:32:15.540  1470  1509 I ActivityManager: Changes in 10273 10 to 10, 0 to 128
09-16 15:32:15.549  1470  1509 I ActivityManager: Changes in 10088 10 to 10, 0 to 128
09-16 15:32:15.550  1470  4808 I ActivityManager: Changes in 10268 11 to 19, 128 to 0
09-16 15:32:15.884  1470  4768 W ActivityManager: Slow operation: 323ms so far, now at attachApplicationLocked: immediately after bindApplication
09-16 15:32:15.888  1470  4768 W ActivityManager: Slow operation: 326ms so far, now at attachApplicationLocked: after updateLruProcessLocked
09-16 15:32:15.889  1470  4768 W ActivityManager: Slow operation: 328ms so far, now at attachApplicationLocked: after updateOomAdjLocked
09-16 15:32:15.894  1470  1579 I ActivityManager: broadcastAllowList remove BroadcastFilter{8e8a66b 10215/u0 ReceiverList{e5887ba 21149 com.google.android.apps.messaging/10215/u0 remote:b66f0e5}}
09-16 15:32:15.894  1470  1579 I ActivityManager: broadcastAllowList remove BroadcastFilter{c11b04c 10068/u0 ReceiverList{ac93eb4 15375 com.facebook.services/10068/u0 remote:2809f87}}
09-16 15:32:15.8 I ActivityManager: Start proc 22310:com.samsung.android.sm.devicesecurity/u0a184 for broadcast {com.samsung.android.sm.devicesecurity/com.samsung.android.sm.devicesecurity.AppVerificationReceiver}
09-16 15:32:14.387  1470  1510 I ActivityManager: ProcessObserver broadcast disabled
09-16 15:32:14.654  1470  4776 I ActivityManager: Changes in 10184 19 to 11, 0 to 128
09-16 15:32:14.661  1470  1508 I ActivityManager: Changes in 10119 5 to 15, 144 to 0
09-16 15:32:14.676  1470  1510 I ActivityManager: Start proc 22335:com.samsung.android.game.gos/u0a69 for broadcast {com.samsung.android.game.gos/com.samsung.android.game.gos.receiver.GameServiceReceiver}
09-16 15:32:14.677  1470  1510 I ActivityManager: ProcessObserver broadcast disabled
09-16 15:32:14.840  1470  4768 I ActivityManager: Changes in 10069 19 to 11, 0 to 128
09-16 15:32:14.852  1470  4768 I ActivityManager: Changes in 10069 10 to 10, 128 to 0
09-16 15:32:14.863  1470  1510 I ActivityManager: Start proc 22357:com.samsung.android.lool/1000 for broadcast {com.samsung.android.lool/com.samsung.android.sm.security.model.trigger.SecurityBridgeReceiver}
09-16 15:32:14.863  1470  1510 I ActivityManager: ProcessObserver broadcast disabled
09-16 15:32:15.103  1470  4815 W ActivityManager: Slow operation: 178ms so far, now at attachApplicationLocked: before bindApplication
09-16 15:32:15.105  1470  4815 W ActivityManager: Slow operation: 180ms so far, now at attachApplicationLocked: immediately before bindApplication
09-16 15:32:15.111  1470  4815 W ActivityManager: Slow operation: 187ms so far, now at attachApplicationLocked: immediately after bindApplication
09-16 15:32:15.112  1470  4815 W ActivityManager: Slow operation: 187ms so far, now at attachApplicationLocked: after updateLruProcessLocked
09-16 15:32:15.113  1470  4815 W ActivityManager: Slow operation: 188ms so far, now at attachApplicationLocked: after updateOomAdjLocked
09-16 15:32:15.274  1470  1509 I ActivityManager: Changes in 10249 19 to 11, 0 to 128
09-16 15:32:15.337  1470  1510 W ActivityManager: Slow operation: 58ms so far, now at startProcess: returned from zygote!
09-16 15:32:15.433  1470  1510 W ActivityManager: Slow operation: 153ms so far, now at startProcess: done updating battery stats
09-16 15:32:15.433  1470  1510 W ActivityManager: Slow operation: 153ms so far, now at startProcess: building log message
09-16 15:32:15.433  1470  1510 I ActivityManager: Start proc 22379:com.samsung.android.app.routines/u0a62 for service {com.samsung.android.app.routines/com.samsung.android.app.routines.domainmodel.service.RoutineService}
09-16 15:32:15.433  1470  1510 W ActivityManager: Slow operation: 153ms so far, now at startProcess: starting to update pids map
09-16 15:32:15.433  1470  1510 I ActivityManager: ProcessObserver broadcast disabled
09-16 15:32:15.433  1470  1510 W ActivityManager: Slow operation: 153ms so far, now at startProcess: done updating pids map
09-16 15:32:15.452  1470  1509 I ActivityManager: Changes in 10268 19 to 11, 0 to 128
09-16 15:32:15.540  1470  1509 I ActivityManager: Changes in 10273 10 to 10, 0 to 128
09-16 15:32:15.549  1470  1509 I ActivityManager: Changes in 10088 10 to 10, 0 to 128
09-16 15:32:15.550  1470  4808 I ActivityManager: Changes in 10268 11 to 19, 128 to 0
09-16 15:32:15.884  1470  4768 W ActivityManager: Slow operation: 323ms so far, now at attachApplicationLocked: immediately after bindApplication
09-16 15:32:15.888  1470  4768 W ActivityManager: Slow operation: 326ms so far, now at attachApplicationLocked: after updateLruProcessLocked
09-16 15:32:15.889  1470  4768 W ActivityManager: Slow operation: 328ms so far, now at attachApplicationLocked: after updateOomAdjLocked
09-16 15:32:15.894  1470  1579 I ActivityManager: broadcastAllowList remove BroadcastFilter{8e8a66b 10215/u0 ReceiverList{e5887ba 21149 com.google.android.apps.messaging/10215/u0 remote:b66f0e5}}
09-16 15:32:15.894  1470  1579 I ActivityManager: broadcastAllowList remove BroadcastFilter{c11b04c 10068/u0 ReceiverList{ac93eb4 15375 com.facebook.services/10068/u0 remote:2809f87}}
09-16 15:32:15.894  1470  1579 I ActivityManager: broadcastAllowList remove BroadcastFilter{6978437 10215/u0 ReceiverList{a5c4d36 4435 com.google.android.apps.messaging:rcs/10215/u0 remote:dc8aed1}}
09-16 15:32:15.979  1470  1494 I ActivityManager: Process xyz.easypro.httpcustom (pid 20998) has died: cch+75 CEM (75,916)
09-16 15:32:16.027  1470  4815 I ActivityManager: Process com.samsung.android.privacydashboard (pid 21018) has died: cch+75 CEM (75,921)
09-16 15:32:16.122  1470  1609 I ActivityManager: Process android.process.media (pid 21095) has died: cch+65 CEM (96,930)
09-16 15:32:16.129  1470  4381 I ActivityManager: Process android.process.media (pid 21077) has died: cch+65 CEM (89,931)
09-16 15:32:16.148  1470  4834 I ActivityManager: Process com.samsung.android.mdm (pid 21241) has died: cch+55 CEM (89,933)
09-16 15:32:16.276  1470  1502 W ActivityManager: Slow operation: 104ms so far, now at startProcess: done creating new process record
09-16 15:32:16.276  1470  1502 W ActivityManager: Slow operation: 104ms so far, now at startProcess: stepping in to startProcess
09-16 15:32:16.284  1470  1502 W ActivityManager: Slow operation: 113ms so far, now at startProcess: done starting proc!
09-16 15:32:16.360  1470  4812 I ActivityManager: Changes in 10273 10 to 10, 128 to 0
09-16 15:32:16.365  1470  4812 I ActivityManager: Changes in 10088 10 to 10, 128 to 0
09-16 15:32:16.375  1470  1510 W ActivityManager: Slow operation: 99ms so far, now at startProcess: returned from zygote!
09-16 15:32:16.488  1470  1609 I ActivityManager: Process com.osp.app.signin (pid 21210) has died: cch+45 CEM (39,942)
09-16 15:32:16.497  1470  1510 W ActivityManager: Slow operation: 221ms so far, now at startProcess: done updating battery stats
09-16 15:32:16.498  1470  1510 W ActivityManager: Slow operation: 222ms so far, now at startProcess: building log message
09-16 15:32:16.498  1470  1510 I ActivityManager: Start proc 22425:net.specta.app/u0a361 for next-top-activity {net.specta.app/net.specta.app.MainActivity}
09-16 15:32:16.498  1470  1510 W ActivityManager: Slow operation: 222ms so far, now at startProcess: starting to update pids map
09-16 15:32:16.498  1470  1510 I ActivityManager: ProcessObserver broadcast disabled
09-16 15:32:16.498  1470  1510 W ActivityManager: Slow operation: 223ms so far, now at startProcess: done updating pids map
09-16 15:32:16.499  1470  4381 I ActivityManager: Process com.sec.android.app.shealth (pid 21453) has died: cch+45 CEM (39,942)
09-16 15:32:16.579  1470  1626 W ActivityManager: Slow operation: 53ms so far, now at startProcess: done starting proc!
09-16 15:32:16.622  1470  2346 I ActivityManager: Process com.google.android.apps.messaging (pid 21149) has died: cch+35 CEM (55,945)
09-16 15:32:16.629  1470  1510 W ActivityManager: Slow operation: 68ms so far, now at startProcess: returned from zygote!
09-16 15:32:16.708  1470  4770 I ActivityManager: Changes in 10361 19 to 2, 0 to 255
09-16 15:32:16.710  1470  1510 W ActivityManager: Slow operation: 148ms so far, now at startProcess: done updating battery stats
09-16 15:32:16.711  1470  1510 W ActivityManager: Slow operation: 150ms so far, now at startProcess: building log message
09-16 15:32:16.711  1470  1510 I ActivityManager: Start proc 22442:com.netflix.mediaclient/u0a278 for service {com.netflix.mediaclient/com.netflix.mediaclient.service.job.NetflixJobService}
09-16 15:32:16.711  1470  1510 W ActivityManager: Slow operation: 150ms so far, now at startProcess: starting to update pids map
09-16 15:32:16.714  1470  1510 I ActivityManager: ProcessObserver broadcast disabled
09-16 15:32:16.714  1470  1510 W ActivityManager: Slow operation: 152ms so far, now at startProcess: done updating pids map
09-16 15:32:16.817  1470  2338 W ActivityManager: Slow operation: 53ms so far, now at attachApplicationLocked: immediately after bindApplication
09-16 15:32:16.817  1470  2338 W ActivityManager: Slow operation: 53ms so far, now at attachApplicationLocked: after updateLruProcessLocked
09-16 15:32:16.818  1470  2338 W ActivityManager: Slow operation: 53ms so far, now at atta94  1470  1579 I ActivityManager: broadcastAllowList remove BroadcastFilter{6978437 10215/u0 ReceiverList{a5c4d36 4435 com.google.android.apps.messaging:rcs/10215/u0 remote:dc8aed1}}
09-16 15:32:15.979  1470  1494 I ActivityManager: Process xyz.easypro.httpcustom (pid 20998) has died: cch+75 CEM (75,916)
09-16 15:32:16.027  1470  4815 I ActivityManager: Process com.samsung.android.privacydashboard (pid 21018) has died: cch+75 CEM (75,921)
09-16 15:32:16.122  1470  1609 I ActivityManager: Process android.process.media (pid 21095) has died: cch+65 CEM (96,930)
09-16 15:32:16.129  1470  4381 I ActivityManager: Process android.process.media (pid 21077) has died: cch+65 CEM (89,931)
09-16 15:32:16.148  1470  4834 I ActivityManager: Process com.samsung.android.mdm (pid 21241) has died: cch+55 CEM (89,933)
09-16 15:32:16.276  1470  1502 W ActivityManager: Slow operation: 104ms so far, now at startProcess: done creating new process record
09-16 15:32:16.276  1470  1502 W ActivityManager: Slow operation: 104ms so far, now at startProcess: stepping in to startProcess
09-16 15:32:16.284  1470  1502 W ActivityManager: Slow operation: 113ms so far, now at startProcess: done starting proc!
09-16 15:32:16.360  1470  4812 I ActivityManager: Changes in 10273 10 to 10, 128 to 0
09-16 15:32:16.365  1470  4812 I ActivityManager: Changes in 10088 10 to 10, 128 to 0
09-16 15:32:16.375  1470  1510 W ActivityManager: Slow operation: 99ms so far, now at startProcess: returned from zygote!
09-16 15:32:16.488  1470  1609 I ActivityManager: Process com.osp.app.signin (pid 21210) has died: cch+45 CEM (39,942)
09-16 15:32:16.497  1470  1510 W ActivityManager: Slow operation: 221ms so far, now at startProcess: done updating battery stats
09-16 15:32:16.498  1470  1510 W ActivityManager: Slow operation: 222ms so far, now at startProcess: building log message
09-16 15:32:16.498  1470  1510 I ActivityManager: Start proc 22425:net.specta.app/u0a361 for next-top-activity {net.specta.app/net.specta.app.MainActivity}
09-16 15:32:16.498  1470  1510 W ActivityManager: Slow operation: 222ms so far, now at startProcess: starting to update pids map
09-16 15:32:16.498  1470  1510 I ActivityManager: ProcessObserver broadcast disabled
09-16 15:32:16.498  1470  1510 W ActivityManager: Slow operation: 223ms so far, now at startProcess: done updating pids map
09-16 15:32:16.499  1470  4381 I ActivityManager: Process com.sec.android.app.shealth (pid 21453) has died: cch+45 CEM (39,942)
09-16 15:32:16.579  1470  1626 W ActivityManager: Slow operation: 53ms so far, now at startProcess: done starting proc!
09-16 15:32:16.622  1470  2346 I ActivityManager: Process com.google.android.apps.messaging (pid 21149) has died: cch+35 CEM (55,945)
09-16 15:32:16.629  1470  1510 W ActivityManager: Slow operation: 68ms so far, now at startProcess: returned from zygote!
09-16 15:32:16.708  1470  4770 I ActivityManager: Changes in 10361 19 to 2, 0 to 255
09-16 15:32:16.710  1470  1510 W ActivityManager: Slow operation: 148ms so far, now at startProcess: done updating battery stats
09-16 15:32:16.711  1470  1510 W ActivityManager: Slow operation: 150ms so far, now at startProcess: building log message
09-16 15:32:16.711  1470  1510 I ActivityManager: Start proc 22442:com.netflix.mediaclient/u0a278 for service {com.netflix.mediaclient/com.netflix.mediaclient.service.job.NetflixJobService}
09-16 15:32:16.711  1470  1510 W ActivityManager: Slow operation: 150ms so far, now at startProcess: starting to update pids map
09-16 15:32:16.714  1470  1510 I ActivityManager: ProcessObserver broadcast disabled
09-16 15:32:16.714  1470  1510 W ActivityManager: Slow operation: 152ms so far, now at startProcess: done updating pids map
09-16 15:32:16.817  1470  2338 W ActivityManager: Slow operation: 53ms so far, now at attachApplicationLocked: immediately after bindApplication
09-16 15:32:16.817  1470  2338 W ActivityManager: Slow operation: 53ms so far, now at attachApplicationLocked: after updateLruProcessLocked
09-16 15:32:16.818  1470  2338 W ActivityManager: Slow operation: 53ms so far, now at attachApplicationLocked: after updateOomAdjLocked
09-16 15:32:16.822  1470  1494 W ActivityManager: Slow operation: 71ms so far, now at finishAttachApplicationInner: after mServices.attachApplicationLocked
09-16 15:32:16.828  1470  1494 W ActivityManager: Slow operation: 77ms so far, now at finishAttachApplicationInner: after dispatching broadcasts
09-16 15:32:16.948  1470  2294 W ActivityManager: Slow operation: 116ms so far, now at startProcess: done updating battery stats
09-16 15:32:16.948  1470  2294 W ActivityManager: Slow operation: 116ms so far, now at startProcess: building log message
09-16 15:32:16.948  1470  2294 I ActivityManager: Start proc 22467:com.google.android.apps.messaging/u0a215 for service {com.google.android.apps.messaging/com.google.android.apps.messaging.shared.datamodel.action.execution.ActionJobService}
09-16 15:32:16.948  1470  2294 W ActivityManager: Slow operation: 116ms so far, now at startProcess: starting to update pids map
09-16 15:32:16.948  1470  2294 I ActivityManager: ProcessObserver broadcast disabled
09-16 15:32:16.949  1470  2294 W ActivityManager: Slow operation: 116ms so far, now at startProcess: done updating pids map
09-16 15:32:17.085  1470  4483 I ActivityManager: Process com.whatsapp (pid 21597) has died: cch+25 CEM (116,955)
09-16 15:32:17.102  1470  1510 W ActivityManager: Slow operation: 270ms so far, now at startProcess: returned from zygote!
09-16 15:32:17.152  1470  1494 I ActivityManager: Process com.truecaller (pid 21650) has died: cch+25 CEM (137,956)
09-16 15:32:17.160  1470  4518 I ActivityManager: Process com.samsung.android.sm.devicesecurity (pid 22310) has died: cch+15 CEM (134,957)
09-16 15:32:17.175  1470  1510 W ActivityManager: Slow operation: 271ms so far, now at startProcess: asking zygote to start proc
09-16 15:32:17.204  1470  1510 W ActivityManager: Slow operation: 300ms so far, now at startProcess: returned from zygote!
09-16 15:32:17.210  1470  1509 I ActivityManager: Changes in 10069 19 to 11, 0 to 128
09-16 15:32:17.212  1470  1510 W ActivityManager: Slow operation: 309ms so far, now at startProcess: done updating battery stats
09-16 15:32:17.212  1470  1510 W ActivityManager: Slow operation: 309ms so far, now at startProcess: building log message
09-16 15:32:17.212  1470  1510 I ActivityManager: Start proc 22490:com.google.android.packageinstaller/u0a71 for broadcast {com.google.android.packageinstaller/com.android.packageinstaller.PackageInstalledReceiver}
09-16 15:32:17.212  1470  1510 W ActivityManager: Slow operation: 309ms so far, now at startProcess: starting to update pids map
09-16 15:32:17.213  1470  1510 I ActivityManager: ProcessObserver broadcast disabled
09-16 15:32:17.213  1470  1510 W ActivityManager: Slow operation: 309ms so far, now at startProcess: done updating pids map
09-16 15:32:17.219  1470  1610 I ActivityManager: Changes in 10069 11 to 19, 128 to 0
09-16 15:32:17.337  1470  1494 I ActivityManager: Process com.google.android.adservices.api (pid 21109) has died: cch+5 CEM (90,966)
09-16 15:32:17.407  1470  1610 I ActivityManager: Process com.samsung.android.scs (pid 22165) has died: cch+5 CEM (100,967)
09-16 15:32:17.504  1470  1494 I ActivityManager: Process com.samsung.android.lool (pid 22357) has died: cch+5 CEM (92,978)
09-16 15:32:17.559  1470  4768 I ActivityManager: Process com.samsung.android.game.gos (pid 22335) has died: cch+5 CEM (89,982)
09-16 15:32:17.695  1470  1610 I ActivityManager: Process com.samsung.android.fmm (pid 15373) has died: svcb SVC (72,994)
09-16 15:32:17.699  1470  1610 W ActivityManager: Scheduling restart of crashed service com.samsung.android.fmm/com.samsung.android.fme.offlinefinding.OfflineFindingService in 20000ms for start-requested
09-16 15:32:17.709  1470  2195 I ActivityManager: Changes in 10071 19 to 11, 0 to 128
09-16 15:32:17.745  1470  4483 I ActivityManager: Process com.samsung.sait.sohservice (pid 16118) has died: svcb SVC (67,1003)
09-16 15:32:17.746  1470  4483 W ActivityManager: Scheduling restart of crashed service com.samsung.sait.sohservice/.service.BatteryService in 59953ms chApplicationLocked: after updateOomAdjLocked
09-16 15:32:16.822  1470  1494 W ActivityManager: Slow operation: 71ms so far, now at finishAttachApplicationInner: after mServices.attachApplicationLocked
09-16 15:32:16.828  1470  1494 W ActivityManager: Slow operation: 77ms so far, now at finishAttachApplicationInner: after dispatching broadcasts
09-16 15:32:16.948  1470  2294 W ActivityManager: Slow operation: 116ms so far, now at startProcess: done updating battery stats
09-16 15:32:16.948  1470  2294 W ActivityManager: Slow operation: 116ms so far, now at startProcess: building log message
09-16 15:32:16.948  1470  2294 I ActivityManager: Start proc 22467:com.google.android.apps.messaging/u0a215 for service {com.google.android.apps.messaging/com.google.android.apps.messaging.shared.datamodel.action.execution.ActionJobService}
09-16 15:32:16.948  1470  2294 W ActivityManager: Slow operation: 116ms so far, now at startProcess: starting to update pids map
09-16 15:32:16.948  1470  2294 I ActivityManager: ProcessObserver broadcast disabled
09-16 15:32:16.949  1470  2294 W ActivityManager: Slow operation: 116ms so far, now at startProcess: done updating pids map
09-16 15:32:17.085  1470  4483 I ActivityManager: Process com.whatsapp (pid 21597) has died: cch+25 CEM (116,955)
09-16 15:32:17.102  1470  1510 W ActivityManager: Slow operation: 270ms so far, now at startProcess: returned from zygote!
09-16 15:32:17.152  1470  1494 I ActivityManager: Process com.truecaller (pid 21650) has died: cch+25 CEM (137,956)
09-16 15:32:17.160  1470  4518 I ActivityManager: Process com.samsung.android.sm.devicesecurity (pid 22310) has died: cch+15 CEM (134,957)
09-16 15:32:17.175  1470  1510 W ActivityManager: Slow operation: 271ms so far, now at startProcess: asking zygote to start proc
09-16 15:32:17.204  1470  1510 W ActivityManager: Slow operation: 300ms so far, now at startProcess: returned from zygote!
09-16 15:32:17.210  1470  1509 I ActivityManager: Changes in 10069 19 to 11, 0 to 128
09-16 15:32:17.212  1470  1510 W ActivityManager: Slow operation: 309ms so far, now at startProcess: done updating battery stats
09-16 15:32:17.212  1470  1510 W ActivityManager: Slow operation: 309ms so far, now at startProcess: building log message
09-16 15:32:17.212  1470  1510 I ActivityManager: Start proc 22490:com.google.android.packageinstaller/u0a71 for broadcast {com.google.android.packageinstaller/com.android.packageinstaller.PackageInstalledReceiver}
09-16 15:32:17.212  1470  1510 W ActivityManager: Slow operation: 309ms so far, now at startProcess: starting to update pids map
09-16 15:32:17.213  1470  1510 I ActivityManager: ProcessObserver broadcast disabled
09-16 15:32:17.213  1470  1510 W ActivityManager: Slow operation: 309ms so far, now at startProcess: done updating pids map
09-16 15:32:17.219  1470  1610 I ActivityManager: Changes in 10069 11 to 19, 128 to 0
09-16 15:32:17.337  1470  1494 I ActivityManager: Process com.google.android.adservices.api (pid 21109) has died: cch+5 CEM (90,966)
09-16 15:32:17.407  1470  1610 I ActivityManager: Process com.samsung.android.scs (pid 22165) has died: cch+5 CEM (100,967)
09-16 15:32:17.504  1470  1494 I ActivityManager: Process com.samsung.android.lool (pid 22357) has died: cch+5 CEM (92,978)
09-16 15:32:17.559  1470  4768 I ActivityManager: Process com.samsung.android.game.gos (pid 22335) has died: cch+5 CEM (89,982)
09-16 15:32:17.695  1470  1610 I ActivityManager: Process com.samsung.android.fmm (pid 15373) has died: svcb SVC (72,994)
09-16 15:32:17.699  1470  1610 W ActivityManager: Scheduling restart of crashed service com.samsung.android.fmm/com.samsung.android.fme.offlinefinding.OfflineFindingService in 20000ms for start-requested
09-16 15:32:17.709  1470  2195 I ActivityManager: Changes in 10071 19 to 11, 0 to 128
09-16 15:32:17.745  1470  4483 I ActivityManager: Process com.samsung.sait.sohservice (pid 16118) has died: svcb SVC (67,1003)
09-16 15:32:17.746  1470  4483 W ActivityManager: Scheduling restart of crashed service com.samsung.sait.sohservice/.service.BatteryService in 59953ms for start-requested
09-16 15:32:17.757  1470  1610 I ActivityManager: Changes in 10071 11 to 19, 128 to 0
09-16 15:32:17.762  1470  1510 I ActivityManager: Start proc 22555:com.google.android.packageinstaller/u95a71 for broadcast {com.google.android.packageinstaller/com.android.packageinstaller.PackageInstalledReceiver}
09-16 15:32:17.765  1470  1510 I ActivityManager: ProcessObserver broadcast disabled
09-16 15:32:17.879  1470  1494 I ActivityManager: Process com.sec.android.provider.badge (pid 21844) has died: cch+5 CEM (54,1019)
09-16 15:32:17.895  1470  4483 I ActivityManager: Process com.samsung.android.da.daagent (pid 20167) has died: svcb SVC (52,1021)
09-16 15:32:17.897  1470  4483 W ActivityManager: Scheduling restart of crashed service com.samsung.android.da.daagent/.service.DAWeekUsageService in 99802ms for start-requested
09-16 15:32:18.006  1470  4768 I ActivityManager: Process com.sec.android.app.shealth:remote (pid 21368) has died: svc SVC (48,1037)
09-16 15:32:18.010  1470  4768 W ActivityManager: Scheduling restart of crashed service com.sec.android.app.shealth/com.samsung.android.service.health.HealthService in 139689ms for connection
09-16 15:32:18.036  1470  3325 I ActivityManager: Process com.sec.android.app.soundalive (pid 22262) has died: prev LAST(49,1040)
09-16 15:32:18.084  1470  2294 I ActivityManager: Process com.sec.android.provider.badge (pid 21858) has died: prev LAST(49,1046)
09-16 15:32:18.108  1470  2849 I ActivityManager: Changes in 9510071 19 to 11, 0 to 128
09-16 15:32:18.144  1470  2185 I ActivityManager: Process com.sec.android.provider.badge (pid 16963) has died: prev LAST(58,1054)
09-16 15:32:18.151  1470  1510 I ActivityManager: Start proc 22595:com.android.vending:background/u0a216 for broadcast {com.android.vending/com.google.android.finsky.packagemonitor.backgroundimpl.BackgroundPackageMonitorReceiverImpl$RegisteredReceiver}
09-16 15:32:18.152  1470  1510 I ActivityManager: ProcessObserver broadcast disabled
09-16 15:32:18.152  1470  4518 I ActivityManager: Changes in 9510071 11 to 19, 128 to 0
09-16 15:32:18.219  1470  2338 I ActivityManager: Process com.samsung.android.rubin.app (pid 21122) has died: svc SVC (59,1061)
09-16 15:32:18.370  1470  4483 I ActivityManager: Process com.google.android.packageinstaller (pid 22490) has died: cch+5 CEM (58,1074)
09-16 15:32:18.779  1470  4518 I ActivityManager: Process com.facebook.services (pid 15375) has died: svc SVC (20,1100)
09-16 15:32:18.781  1470  4518 W ActivityManager: Scheduling restart of crashed service com.facebook.services/com.facebook.oxygen.services.fbns.PreloadedFbnsService in 118918ms for start-requested
09-16 15:32:18.827  1470  2195 I ActivityManager: Process com.samsung.klmsagent (pid 20250) has died: svc SVC (18,1104)
09-16 15:32:18.829  1470  2195 W ActivityManager: Scheduling restart of crashed service com.samsung.klmsagent/.core.EventListenerService in 158869ms for start-requested
09-16 15:32:18.873  1470  4808 W ActivityManager: pid 3960 com.google.android.gms sent binder code 3 with flags 0 to frozen apps and got error -32
09-16 15:32:18.874  1470  4801 I ActivityManager: Process com.google.android.apps.messaging (pid 22467) has died: prcl TRNB(49,1109)
09-16 15:32:18.879  1470  4801 W ActivityManager: Scheduling restart of crashed service com.google.android.apps.messaging/.shared.datamodel.action.execution.ActionJobService in 198820ms for connection
09-16 15:32:18.880  1470  4801 W ActivityManager: Scheduling restart of crashed service com.google.android.apps.messaging/.shared.datamodel.action.execution.ActionExecutorImpl$EmptyService in 238818ms for start-requested
09-16 15:32:18.928  1470  4816 I ActivityManager: Process com.samsung.android.app.routines (pid 22379) has died: prcl TRNB(80,1112)
09-16 15:32:18.930  1470  4816 W ActivityManager: Scheduling restart of crashed service com.samsung.android.app.routines/.domainmodel.service.NotificationUpdateService in 278768ms for start-requested
09-16 15:32:18.931  1470  4816 W ActivityManager: Scheduling restart of crashed service com.samsung.android.app.routifor start-requested
09-16 15:32:17.757  1470  1610 I ActivityManager: Changes in 10071 11 to 19, 128 to 0
09-16 15:32:17.762  1470  1510 I ActivityManager: Start proc 22555:com.google.android.packageinstaller/u95a71 for broadcast {com.google.android.packageinstaller/com.android.packageinstaller.PackageInstalledReceiver}
09-16 15:32:17.765  1470  1510 I ActivityManager: ProcessObserver broadcast disabled
09-16 15:32:17.879  1470  1494 I ActivityManager: Process com.sec.android.provider.badge (pid 21844) has died: cch+5 CEM (54,1019)
09-16 15:32:17.895  1470  4483 I ActivityManager: Process com.samsung.android.da.daagent (pid 20167) has died: svcb SVC (52,1021)
09-16 15:32:17.897  1470  4483 W ActivityManager: Scheduling restart of crashed service com.samsung.android.da.daagent/.service.DAWeekUsageService in 99802ms for start-requested
09-16 15:32:18.006  1470  4768 I ActivityManager: Process com.sec.android.app.shealth:remote (pid 21368) has died: svc SVC (48,1037)
09-16 15:32:18.010  1470  4768 W ActivityManager: Scheduling restart of crashed service com.sec.android.app.shealth/com.samsung.android.service.health.HealthService in 139689ms for connection
09-16 15:32:18.036  1470  3325 I ActivityManager: Process com.sec.android.app.soundalive (pid 22262) has died: prev LAST(49,1040)
09-16 15:32:18.084  1470  2294 I ActivityManager: Process com.sec.android.provider.badge (pid 21858) has died: prev LAST(49,1046)
09-16 15:32:18.108  1470  2849 I ActivityManager: Changes in 9510071 19 to 11, 0 to 128
09-16 15:32:18.144  1470  2185 I ActivityManager: Process com.sec.android.provider.badge (pid 16963) has died: prev LAST(58,1054)
09-16 15:32:18.151  1470  1510 I ActivityManager: Start proc 22595:com.android.vending:background/u0a216 for broadcast {com.android.vending/com.google.android.finsky.packagemonitor.backgroundimpl.BackgroundPackageMonitorReceiverImpl$RegisteredReceiver}
09-16 15:32:18.152  1470  1510 I ActivityManager: ProcessObserver broadcast disabled
09-16 15:32:18.152  1470  4518 I ActivityManager: Changes in 9510071 11 to 19, 128 to 0
09-16 15:32:18.219  1470  2338 I ActivityManager: Process com.samsung.android.rubin.app (pid 21122) has died: svc SVC (59,1061)
09-16 15:32:18.370  1470  4483 I ActivityManager: Process com.google.android.packageinstaller (pid 22490) has died: cch+5 CEM (58,1074)
09-16 15:32:18.779  1470  4518 I ActivityManager: Process com.facebook.services (pid 15375) has died: svc SVC (20,1100)
09-16 15:32:18.781  1470  4518 W ActivityManager: Scheduling restart of crashed service com.facebook.services/com.facebook.oxygen.services.fbns.PreloadedFbnsService in 118918ms for start-requested
09-16 15:32:18.827  1470  2195 I ActivityManager: Process com.samsung.klmsagent (pid 20250) has died: svc SVC (18,1104)
09-16 15:32:18.829  1470  2195 W ActivityManager: Scheduling restart of crashed service com.samsung.klmsagent/.core.EventListenerService in 158869ms for start-requested
09-16 15:32:18.873  1470  4808 W ActivityManager: pid 3960 com.google.android.gms sent binder code 3 with flags 0 to frozen apps and got error -32
09-16 15:32:18.874  1470  4801 I ActivityManager: Process com.google.android.apps.messaging (pid 22467) has died: prcl TRNB(49,1109)
09-16 15:32:18.879  1470  4801 W ActivityManager: Scheduling restart of crashed service com.google.android.apps.messaging/.shared.datamodel.action.execution.ActionJobService in 198820ms for connection
09-16 15:32:18.880  1470  4801 W ActivityManager: Scheduling restart of crashed service com.google.android.apps.messaging/.shared.datamodel.action.execution.ActionExecutorImpl$EmptyService in 238818ms for start-requested
09-16 15:32:18.928  1470  4816 I ActivityManager: Process com.samsung.android.app.routines (pid 22379) has died: prcl TRNB(80,1112)
09-16 15:32:18.930  1470  4816 W ActivityManager: Scheduling restart of crashed service com.samsung.android.app.routines/.domainmodel.service.NotificationUpdateService in 278768ms for start-requested
09-16 15:32:18.931  1470  4816 W ActivityManager: Scheduling restart of crashed service com.samsung.android.app.routines/.domainmodel.metadata.impl.MetadataLoaderJobService in 318768ms for connection
09-16 15:32:18.956  1470  2347 I ActivityManager: Process com.google.android.packageinstaller (pid 22555) has died: cch+5 CEM (86,1112)
--------- beginning of main
09-16 15:32:19.216 22425 22641 I flutter : [IMPORTANT:flutter/shell/platform/android/android_context_vk_impeller.cc(62)] Using the Impeller rendering backend (Vulkan).
09-16 15:32:19.271  1470  1510 I ActivityManager: Start proc 22677:com.google.android.apps.nbu.files/u0a372 for broadcast {com.google.android.apps.nbu.files/com.google.android.apps.nbu.files.documentbrowser.browselanding.rootcontainerlist.receiver.PackageChangeReceiver_Receiver}
09-16 15:32:19.272  1470  1510 I ActivityManager: ProcessObserver broadcast disabled
09-16 15:32:19.389 22425 22655 I flutter : The Dart VM service is listening on http://127.0.0.1:46159/M6L6bIXIdEM=/
09-16 15:32:19.497  1470  4808 I ActivityManager: Process com.android.vending:background (pid 22595) has died: cch+5 CEM (64,1107)
09-16 15:32:19.848  1470  4483 I ActivityManager: Process com.samsung.android.game.gamehome:notification (pid 9221) has died: prcl BFGS(57,1101)
09-16 15:32:19.849  1470  4483 W ActivityManager: Scheduling restart of crashed service com.samsung.android.game.gamehome/.receiver.NotificationListenerOverR in 187850ms for connection
09-16 15:32:19.895  1470  4483 I ActivityManager: Changes in 10372 19 to 11, 0 to 128
09-16 15:32:19.927  1470  1510 I ActivityManager: Start proc 22719:ru.sxbuIDfx.pFSOyagrF/u0a321 for broadcast {ru.sxbuIDfx.pFSOyagrF/ru.sxbuIDfx.pFSOyagrF.PackageChangeReceiver}
09-16 15:32:19.927  1470  1510 I ActivityManager: ProcessObserver broadcast disabled
09-16 15:32:19.972  1470  4808 I ActivityManager: Changes in 10372 11 to 19, 128 to 0
09-16 15:32:20.258  1470  4808 I ActivityManager: Changes in 10321 19 to 11, 0 to 128
09-16 15:32:20.271  1470  4808 I ActivityManager: Changes in 10321 11 to 19, 128 to 0
09-16 15:32:20.278  1470  1509 I ActivityManager: Changes in 10321 19 to 11, 0 to 128
09-16 15:32:20.293  1470  4483 I ActivityManager: Changes in 10321 11 to 19, 128 to 0
09-16 15:32:20.400  1470  2195 I ActivityManager: Process com.google.android.apps.nbu.files (pid 22677) has died: cch+5 CEM (102,1077)
09-16 15:32:20.535  1470  1510 I ActivityManager: Start proc 22771:com.samsung.android.game.gos/u0a69 for service {com.samsung.android.game.gos/com.samsung.android.game.gos.service.GameIntentService}
09-16 15:32:20.536  1470  1510 I ActivityManager: ProcessObserver broadcast disabled
09-16 15:32:21.191  1470  2195 I ActivityManager: Changes in 10278 19 to 8, 0 to 128
09-16 15:32:21.443  1470  1510 I ActivityManager: Start proc 22832:com.samsung.drmboost/u0a61 for service {com.samsung.drmboost/com.samsung.drmboost.DrmEventService}
09-16 15:32:21.443  1470  1510 I ActivityManager: ProcessObserver broadcast disabled
09-16 15:32:21.621  1470  4808 I ActivityManager: Changes in 10061 19 to 8, 0 to 128
09-16 15:32:21.742  1470  2195 I ActivityManager: Changes in 10061 8 to 10, 128 to 0
09-16 15:32:21.785  1470  2195 I ActivityManager: Process com.samsung.drmboost (pid 22832) has died: fg  SVC (142,1062)
09-16 15:32:21.938  1470  1510 I ActivityManager: Start proc 22851:com.samsung.drmboost/u0a61 for service {com.samsung.drmboost/com.samsung.drmboost.DrmEventService}
09-16 15:32:21.940  1470  1510 I ActivityManager: ProcessObserver broadcast disabled
09-16 15:32:22.142  1470  2195 I ActivityManager: Changes in 10061 19 to 8, 0 to 128
09-16 15:32:22.220  1470  2195 I ActivityManager: Changes in 10061 8 to 10, 128 to 0
09-16 15:32:22.256  1470  4808 I ActivityManager: Process com.samsung.drmboost (pid 22851) has died: fg  SVC (157,1036)
09-16 15:32:22.394  1470  1510 I ActivityManager: Start proc 22872:com.samsung.drmboost/u0a61 for service {com.samsung.drmboost/com.samsung.drmboost.DrmEventService}
09-16 15:32:22.394  1470  1510 I ActivityManager: ProcessObserver broadcast disabled
09-16 15:32:22.566  1470  1493 I ActivityManager: Changes in 10061 19 to 8, 0 to 128
09-16 15:32:22.619  1470  1508 W Actines/.domainmodel.metadata.impl.MetadataLoaderJobService in 318768ms for connection
09-16 15:32:18.956  1470  2347 I ActivityManager: Process com.google.android.packageinstaller (pid 22555) has died: cch+5 CEM (86,1112)
--------- beginning of main
09-16 15:32:19.216 22425 22641 I flutter : [IMPORTANT:flutter/shell/platform/android/android_context_vk_impeller.cc(62)] Using the Impeller rendering backend (Vulkan).
09-16 15:32:19.271  1470  1510 I ActivityManager: Start proc 22677:com.google.android.apps.nbu.files/u0a372 for broadcast {com.google.android.apps.nbu.files/com.google.android.apps.nbu.files.documentbrowser.browselanding.rootcontainerlist.receiver.PackageChangeReceiver_Receiver}
09-16 15:32:19.272  1470  1510 I ActivityManager: ProcessObserver broadcast disabled
09-16 15:32:19.389 22425 22655 I flutter : The Dart VM service is listening on http://127.0.0.1:46159/M6L6bIXIdEM=/
09-16 15:32:19.497  1470  4808 I ActivityManager: Process com.android.vending:background (pid 22595) has died: cch+5 CEM (64,1107)
09-16 15:32:19.848  1470  4483 I ActivityManager: Process com.samsung.android.game.gamehome:notification (pid 9221) has died: prcl BFGS(57,1101)
09-16 15:32:19.849  1470  4483 W ActivityManager: Scheduling restart of crashed service com.samsung.android.game.gamehome/.receiver.NotificationListenerOverR in 187850ms for connection
09-16 15:32:19.895  1470  4483 I ActivityManager: Changes in 10372 19 to 11, 0 to 128
09-16 15:32:19.927  1470  1510 I ActivityManager: Start proc 22719:ru.sxbuIDfx.pFSOyagrF/u0a321 for broadcast {ru.sxbuIDfx.pFSOyagrF/ru.sxbuIDfx.pFSOyagrF.PackageChangeReceiver}
09-16 15:32:19.927  1470  1510 I ActivityManager: ProcessObserver broadcast disabled
09-16 15:32:19.972  1470  4808 I ActivityManager: Changes in 10372 11 to 19, 128 to 0
09-16 15:32:20.258  1470  4808 I ActivityManager: Changes in 10321 19 to 11, 0 to 128
09-16 15:32:20.271  1470  4808 I ActivityManager: Changes in 10321 11 to 19, 128 to 0
09-16 15:32:20.278  1470  1509 I ActivityManager: Changes in 10321 19 to 11, 0 to 128
09-16 15:32:20.293  1470  4483 I ActivityManager: Changes in 10321 11 to 19, 128 to 0
09-16 15:32:20.400  1470  2195 I ActivityManager: Process com.google.android.apps.nbu.files (pid 22677) has died: cch+5 CEM (102,1077)
09-16 15:32:20.535  1470  1510 I ActivityManager: Start proc 22771:com.samsung.android.game.gos/u0a69 for service {com.samsung.android.game.gos/com.samsung.android.game.gos.service.GameIntentService}
09-16 15:32:20.536  1470  1510 I ActivityManager: ProcessObserver broadcast disabled
09-16 15:32:21.191  1470  2195 I ActivityManager: Changes in 10278 19 to 8, 0 to 128
09-16 15:32:21.443  1470  1510 I ActivityManager: Start proc 22832:com.samsung.drmboost/u0a61 for service {com.samsung.drmboost/com.samsung.drmboost.DrmEventService}
09-16 15:32:21.443  1470  1510 I ActivityManager: ProcessObserver broadcast disabled
09-16 15:32:21.621  1470  4808 I ActivityManager: Changes in 10061 19 to 8, 0 to 128
09-16 15:32:21.742  1470  2195 I ActivityManager: Changes in 10061 8 to 10, 128 to 0
09-16 15:32:21.785  1470  2195 I ActivityManager: Process com.samsung.drmboost (pid 22832) has died: fg  SVC (142,1062)
09-16 15:32:21.938  1470  1510 I ActivityManager: Start proc 22851:com.samsung.drmboost/u0a61 for service {com.samsung.drmboost/com.samsung.drmboost.DrmEventService}
09-16 15:32:21.940  1470  1510 I ActivityManager: ProcessObserver broadcast disabled
09-16 15:32:22.142  1470  2195 I ActivityManager: Changes in 10061 19 to 8, 0 to 128
09-16 15:32:22.220  1470  2195 I ActivityManager: Changes in 10061 8 to 10, 128 to 0
09-16 15:32:22.256  1470  4808 I ActivityManager: Process com.samsung.drmboost (pid 22851) has died: fg  SVC (157,1036)
09-16 15:32:22.394  1470  1510 I ActivityManager: Start proc 22872:com.samsung.drmboost/u0a61 for service {com.samsung.drmboost/com.samsung.drmboost.DrmEventService}
09-16 15:32:22.394  1470  1510 I ActivityManager: ProcessObserver broadcast disabled
09-16 15:32:22.566  1470  1493 I ActivityManager: Changes in 10061 19 to 8, 0 to 128
09-16 15:32:22.619  1470  1508 W ActivityManager: Rescheduling restart of crashed service com.samsung.android.fmm/com.samsung.android.fme.offlinefinding.OfflineFindingService in 5080ms for mem-pressure-event
09-16 15:32:22.622  1470  1508 W ActivityManager: Rescheduling restart of crashed service com.samsung.android.fmm/com.samsung.android.fme.offlinefinding.OfflineFindingService in 15077ms for mem-pressure-event
09-16 15:32:22.622  1470  1508 W ActivityManager: Rescheduling restart of crashed service com.facebook.services/com.facebook.oxygen.services.fbns.PreloadedFbnsService in 125077ms for mem-pressure-event
09-16 15:32:22.623  1470  1508 W ActivityManager: Rescheduling restart of crashed service com.samsung.android.fmm/com.samsung.android.fme.offlinefinding.OfflineFindingService in 25076ms for mem-pressure-event
09-16 15:32:22.623  1470  1508 W ActivityManager: Rescheduling restart of crashed service com.samsung.sait.sohservice/.service.BatteryService in 65076ms for mem-pressure-event
09-16 15:32:22.623  1470  1508 W ActivityManager: Rescheduling restart of crashed service com.samsung.android.da.daagent/.service.DAWeekUsageService in 105076ms for mem-pressure-event
09-16 15:32:22.623  1470  1508 W ActivityManager: Rescheduling restart of crashed service com.facebook.services/com.facebook.oxygen.services.fbns.PreloadedFbnsService in 145076ms for mem-pressure-event
09-16 15:32:22.623  1470  1508 W ActivityManager: Rescheduling restart of crashed service com.samsung.klmsagent/.core.EventListenerService in 185076ms for mem-pressure-event
09-16 15:32:22.623  1470  1508 W ActivityManager: Rescheduling restart of crashed service com.samsung.android.game.gamehome/.receiver.NotificationListenerOverR in 225076ms for mem-pressure-event
09-16 15:32:22.623  1470  1508 W ActivityManager: Rescheduling restart of crashed service com.google.android.apps.messaging/.shared.datamodel.action.execution.ActionExecutorImpl$EmptyService in 265076ms for mem-pressure-event
09-16 15:32:22.623  1470  1508 W ActivityManager: Rescheduling restart of crashed service com.samsung.android.app.routines/.domainmodel.service.NotificationUpdateService in 305076ms for mem-pressure-event
09-16 15:32:22.625  1470  1508 W ActivityManager: Rescheduling restart of crashed service com.samsung.android.fmm/com.samsung.android.fme.offlinefinding.OfflineFindingService in 5073ms for mem-pressure-event
09-16 15:32:22.626  1470  1508 W ActivityManager: Rescheduling restart of crashed service com.samsung.sait.sohservice/.service.BatteryService in 25073ms for mem-pressure-event
09-16 15:32:22.626  1470  1508 W ActivityManager: Rescheduling restart of crashed service com.samsung.android.da.daagent/.service.DAWeekUsageService in 45073ms for mem-pressure-event
09-16 15:32:22.626  1470  1508 W ActivityManager: Rescheduling restart of crashed service com.facebook.services/com.facebook.oxygen.services.fbns.PreloadedFbnsService in 65073ms for mem-pressure-event
09-16 15:32:22.626  1470  1508 W ActivityManager: Rescheduling restart of crashed service com.samsung.klmsagent/.core.EventListenerService in 85073ms for mem-pressure-event
09-16 15:32:22.626  1470  1508 W ActivityManager: Rescheduling restart of crashed service com.samsung.android.game.gamehome/.receiver.NotificationListenerOverR in 105073ms for mem-pressure-event
09-16 15:32:22.626  1470  1508 W ActivityManager: Rescheduling restart of crashed service com.google.android.apps.messaging/.shared.datamodel.action.execution.ActionExecutorImpl$EmptyService in 125073ms for mem-pressure-event
09-16 15:32:22.626  1470  1508 W ActivityManager: Rescheduling restart of crashed service com.samsung.android.app.routines/.domainmodel.service.NotificationUpdateService in 145073ms for mem-pressure-event
09-16 15:32:22.626  1470  1508 W ActivityManager: Rescheduling restart of crashed service com.samsung.android.fmm/com.samsung.android.fme.offlinefinding.OfflineFindingService in 15072ms for mem-pressure-event
09-16 15:32:22.626  1470  1508 W ActivityManager: Rescheduling restart of crashed service com.samsung.sait.sohservice/.service.BatteryService in 45072ms for mem-pressuvityManager: Rescheduling restart of crashed service com.samsung.android.fmm/com.samsung.android.fme.offlinefinding.OfflineFindingService in 5080ms for mem-pressure-event
09-16 15:32:22.622  1470  1508 W ActivityManager: Rescheduling restart of crashed service com.samsung.android.fmm/com.samsung.android.fme.offlinefinding.OfflineFindingService in 15077ms for mem-pressure-event
09-16 15:32:22.622  1470  1508 W ActivityManager: Rescheduling restart of crashed service com.facebook.services/com.facebook.oxygen.services.fbns.PreloadedFbnsService in 125077ms for mem-pressure-event
09-16 15:32:22.623  1470  1508 W ActivityManager: Rescheduling restart of crashed service com.samsung.android.fmm/com.samsung.android.fme.offlinefinding.OfflineFindingService in 25076ms for mem-pressure-event
09-16 15:32:22.623  1470  1508 W ActivityManager: Rescheduling restart of crashed service com.samsung.sait.sohservice/.service.BatteryService in 65076ms for mem-pressure-event
09-16 15:32:22.623  1470  1508 W ActivityManager: Rescheduling restart of crashed service com.samsung.android.da.daagent/.service.DAWeekUsageService in 105076ms for mem-pressure-event
09-16 15:32:22.623  1470  1508 W ActivityManager: Rescheduling restart of crashed service com.facebook.services/com.facebook.oxygen.services.fbns.PreloadedFbnsService in 145076ms for mem-pressure-event
09-16 15:32:22.623  1470  1508 W ActivityManager: Rescheduling restart of crashed service com.samsung.klmsagent/.core.EventListenerService in 185076ms for mem-pressure-event
09-16 15:32:22.623  1470  1508 W ActivityManager: Rescheduling restart of crashed service com.samsung.android.game.gamehome/.receiver.NotificationListenerOverR in 225076ms for mem-pressure-event
09-16 15:32:22.623  1470  1508 W ActivityManager: Rescheduling restart of crashed service com.google.android.apps.messaging/.shared.datamodel.action.execution.ActionExecutorImpl$EmptyService in 265076ms for mem-pressure-event
09-16 15:32:22.623  1470  1508 W ActivityManager: Rescheduling restart of crashed service com.samsung.android.app.routines/.domainmodel.service.NotificationUpdateService in 305076ms for mem-pressure-event
09-16 15:32:22.625  1470  1508 W ActivityManager: Rescheduling restart of crashed service com.samsung.android.fmm/com.samsung.android.fme.offlinefinding.OfflineFindingService in 5073ms for mem-pressure-event
09-16 15:32:22.626  1470  1508 W ActivityManager: Rescheduling restart of crashed service com.samsung.sait.sohservice/.service.BatteryService in 25073ms for mem-pressure-event
09-16 15:32:22.626  1470  1508 W ActivityManager: Rescheduling restart of crashed service com.samsung.android.da.daagent/.service.DAWeekUsageService in 45073ms for mem-pressure-event
09-16 15:32:22.626  1470  1508 W ActivityManager: Rescheduling restart of crashed service com.facebook.services/com.facebook.oxygen.services.fbns.PreloadedFbnsService in 65073ms for mem-pressure-event
09-16 15:32:22.626  1470  1508 W ActivityManager: Rescheduling restart of crashed service com.samsung.klmsagent/.core.EventListenerService in 85073ms for mem-pressure-event
09-16 15:32:22.626  1470  1508 W ActivityManager: Rescheduling restart of crashed service com.samsung.android.game.gamehome/.receiver.NotificationListenerOverR in 105073ms for mem-pressure-event
09-16 15:32:22.626  1470  1508 W ActivityManager: Rescheduling restart of crashed service com.google.android.apps.messaging/.shared.datamodel.action.execution.ActionExecutorImpl$EmptyService in 125073ms for mem-pressure-event
09-16 15:32:22.626  1470  1508 W ActivityManager: Rescheduling restart of crashed service com.samsung.android.app.routines/.domainmodel.service.NotificationUpdateService in 145073ms for mem-pressure-event
09-16 15:32:22.626  1470  1508 W ActivityManager: Rescheduling restart of crashed service com.samsung.android.fmm/com.samsung.android.fme.offlinefinding.OfflineFindingService in 15072ms for mem-pressure-event
09-16 15:32:22.626  1470  1508 W ActivityManager: Rescheduling restart of crashed service com.samsung.sait.sohservice/.service.BatteryService in 45072ms for mem-pressure-event
09-16 15:32:22.626  1470  1508 W ActivityManager: Rescheduling restart of crashed service com.samsung.android.da.daagent/.service.DAWeekUsageService in 75072ms for mem-pressure-event
09-16 15:32:22.626  1470  1508 W ActivityManager: Rescheduling restart of crashed service com.facebook.services/com.facebook.oxygen.services.fbns.PreloadedFbnsService in 105072ms for mem-pressure-event
09-16 15:32:22.626  1470  1508 W ActivityManager: Rescheduling restart of crashed service com.samsung.klmsagent/.core.EventListenerService in 135072ms for mem-pressure-event
09-16 15:32:22.626  1470  1508 W ActivityManager: Rescheduling restart of crashed service com.samsung.android.game.gamehome/.receiver.NotificationListenerOverR in 165072ms for mem-pressure-event
09-16 15:32:22.627  1470  1508 W ActivityManager: Rescheduling restart of crashed service com.google.android.apps.messaging/.shared.datamodel.action.execution.ActionExecutorImpl$EmptyService in 195072ms for mem-pressure-event
09-16 15:32:22.627  1470  1508 W ActivityManager: Rescheduling restart of crashed service com.samsung.android.app.routines/.domainmodel.service.NotificationUpdateService in 225072ms for mem-pressure-event
09-16 15:32:22.627  1470  1508 W ActivityManager: Rescheduling restart of crashed service com.samsung.android.fmm/com.samsung.android.fme.offlinefinding.OfflineFindingService in 25072ms for mem-pressure-event
09-16 15:32:22.627  1470  1508 W ActivityManager: Rescheduling restart of crashed service com.samsung.sait.sohservice/.service.BatteryService in 65072ms for mem-pressure-event
09-16 15:32:22.627  1470  1508 W ActivityManager: Rescheduling restart of crashed service com.samsung.android.da.daagent/.service.DAWeekUsageService in 105072ms for mem-pressure-event
09-16 15:32:22.627  1470  1508 W ActivityManager: Rescheduling restart of crashed service com.facebook.services/com.facebook.oxygen.services.fbns.PreloadedFbnsService in 145072ms for mem-pressure-event
09-16 15:32:22.628  1470  1508 W ActivityManager: Rescheduling restart of crashed service com.samsung.klmsagent/.core.EventListenerService in 185072ms for mem-pressure-event
09-16 15:32:22.628  1470  1508 W ActivityManager: Rescheduling restart of crashed service com.samsung.android.game.gamehome/.receiver.NotificationListenerOverR in 225072ms for mem-pressure-event
09-16 15:32:22.628  1470  1508 W ActivityManager: Rescheduling restart of crashed service com.google.android.apps.messaging/.shared.datamodel.action.execution.ActionExecutorImpl$EmptyService in 265072ms for mem-pressure-event
09-16 15:32:22.628  1470  1508 W ActivityManager: Rescheduling restart of crashed service com.samsung.android.app.routines/.domainmodel.service.NotificationUpdateService in 305072ms for mem-pressure-event
09-16 15:32:22.634  1470  1508 W ActivityManager: Rescheduling restart of crashed service com.samsung.android.fmm/com.samsung.android.fme.offlinefinding.OfflineFindingService in 5064ms for mem-pressure-event
09-16 15:32:22.634  1470  1508 W ActivityManager: Rescheduling restart of crashed service com.samsung.sait.sohservice/.service.BatteryService in 25064ms for mem-pressure-event
09-16 15:32:22.634  1470  1508 W ActivityManager: Rescheduling restart of crashed service com.samsung.android.da.daagent/.service.DAWeekUsageService in 45064ms for mem-pressure-event
09-16 15:32:22.634  1470  1508 W ActivityManager: Rescheduling restart of crashed service com.facebook.services/com.facebook.oxygen.services.fbns.PreloadedFbnsService in 65064ms for mem-pressure-event
09-16 15:32:22.634  1470  1508 W ActivityManager: Rescheduling restart of crashed service com.samsung.klmsagent/.core.EventListenerService in 85064ms for mem-pressure-event
09-16 15:32:22.635  1470  1508 W ActivityManager: Rescheduling restart of crashed service com.samsung.android.game.gamehome/.receiver.NotificationListenerOverR in 105064ms for mem-pressure-event
09-16 15:32:22.636  1470  1508 W ActivityManager: Rescheduling restart of crashed service com.google.android.apps.messaging/.shared.datamodel.action.execution.ActionExecutorImpl$EmptyService in 1re-event
09-16 15:32:22.626  1470  1508 W ActivityManager: Rescheduling restart of crashed service com.samsung.android.da.daagent/.service.DAWeekUsageService in 75072ms for mem-pressure-event
09-16 15:32:22.626  1470  1508 W ActivityManager: Rescheduling restart of crashed service com.facebook.services/com.facebook.oxygen.services.fbns.PreloadedFbnsService in 105072ms for mem-pressure-event
09-16 15:32:22.626  1470  1508 W ActivityManager: Rescheduling restart of crashed service com.samsung.klmsagent/.core.EventListenerService in 135072ms for mem-pressure-event
09-16 15:32:22.626  1470  1508 W ActivityManager: Rescheduling restart of crashed service com.samsung.android.game.gamehome/.receiver.NotificationListenerOverR in 165072ms for mem-pressure-event
09-16 15:32:22.627  1470  1508 W ActivityManager: Rescheduling restart of crashed service com.google.android.apps.messaging/.shared.datamodel.action.execution.ActionExecutorImpl$EmptyService in 195072ms for mem-pressure-event
09-16 15:32:22.627  1470  1508 W ActivityManager: Rescheduling restart of crashed service com.samsung.android.app.routines/.domainmodel.service.NotificationUpdateService in 225072ms for mem-pressure-event
09-16 15:32:22.627  1470  1508 W ActivityManager: Rescheduling restart of crashed service com.samsung.android.fmm/com.samsung.android.fme.offlinefinding.OfflineFindingService in 25072ms for mem-pressure-event
09-16 15:32:22.627  1470  1508 W ActivityManager: Rescheduling restart of crashed service com.samsung.sait.sohservice/.service.BatteryService in 65072ms for mem-pressure-event
09-16 15:32:22.627  1470  1508 W ActivityManager: Rescheduling restart of crashed service com.samsung.android.da.daagent/.service.DAWeekUsageService in 105072ms for mem-pressure-event
09-16 15:32:22.627  1470  1508 W ActivityManager: Rescheduling restart of crashed service com.facebook.services/com.facebook.oxygen.services.fbns.PreloadedFbnsService in 145072ms for mem-pressure-event
09-16 15:32:22.628  1470  1508 W ActivityManager: Rescheduling restart of crashed service com.samsung.klmsagent/.core.EventListenerService in 185072ms for mem-pressure-event
09-16 15:32:22.628  1470  1508 W ActivityManager: Rescheduling restart of crashed service com.samsung.android.game.gamehome/.receiver.NotificationListenerOverR in 225072ms for mem-pressure-event
09-16 15:32:22.628  1470  1508 W ActivityManager: Rescheduling restart of crashed service com.google.android.apps.messaging/.shared.datamodel.action.execution.ActionExecutorImpl$EmptyService in 265072ms for mem-pressure-event
09-16 15:32:22.628  1470  1508 W ActivityManager: Rescheduling restart of crashed service com.samsung.android.app.routines/.domainmodel.service.NotificationUpdateService in 305072ms for mem-pressure-event
09-16 15:32:22.634  1470  1508 W ActivityManager: Rescheduling restart of crashed service com.samsung.android.fmm/com.samsung.android.fme.offlinefinding.OfflineFindingService in 5064ms for mem-pressure-event
09-16 15:32:22.634  1470  1508 W ActivityManager: Rescheduling restart of crashed service com.samsung.sait.sohservice/.service.BatteryService in 25064ms for mem-pressure-event
09-16 15:32:22.634  1470  1508 W ActivityManager: Rescheduling restart of crashed service com.samsung.android.da.daagent/.service.DAWeekUsageService in 45064ms for mem-pressure-event
09-16 15:32:22.634  1470  1508 W ActivityManager: Rescheduling restart of crashed service com.facebook.services/com.facebook.oxygen.services.fbns.PreloadedFbnsService in 65064ms for mem-pressure-event
09-16 15:32:22.634  1470  1508 W ActivityManager: Rescheduling restart of crashed service com.samsung.klmsagent/.core.EventListenerService in 85064ms for mem-pressure-event
09-16 15:32:22.635  1470  1508 W ActivityManager: Rescheduling restart of crashed service com.samsung.android.game.gamehome/.receiver.NotificationListenerOverR in 105064ms for mem-pressure-event
09-16 15:32:22.636  1470  1508 W ActivityManager: Rescheduling restart of crashed service com.google.android.apps.messaging/.shared.datamodel.action.execution.ActionExecutorImpl$EmptyService in 125064ms for mem-pressure-event
09-16 15:32:22.636  1470  1508 W ActivityManager: Rescheduling restart of crashed service com.samsung.android.app.routines/.domainmodel.service.NotificationUpdateService in 145064ms for mem-pressure-event
09-16 15:32:22.636  1470  1508 W ActivityManager: Rescheduling restart of crashed service com.samsung.android.fmm/com.samsung.android.fme.offlinefinding.OfflineFindingService in 25062ms for mem-pressure-event
09-16 15:32:22.637  1470  1508 W ActivityManager: Rescheduling restart of crashed service com.samsung.sait.sohservice/.service.BatteryService in 65062ms for mem-pressure-event
09-16 15:32:22.638  1470  1508 W ActivityManager: Rescheduling restart of crashed service com.samsung.android.da.daagent/.service.DAWeekUsageService in 105062ms for mem-pressure-event
09-16 15:32:22.638  1470  1508 W ActivityManager: Rescheduling restart of crashed service com.facebook.services/com.facebook.oxygen.services.fbns.PreloadedFbnsService in 145062ms for mem-pressure-event
09-16 15:32:22.638  1470  1508 W ActivityManager: Rescheduling restart of crashed service com.samsung.klmsagent/.core.EventListenerService in 185062ms for mem-pressure-event
09-16 15:32:22.638  1470  1508 W ActivityManager: Rescheduling restart of crashed service com.samsung.android.game.gamehome/.receiver.NotificationListenerOverR in 225062ms for mem-pressure-event
09-16 15:32:22.639  1470  1508 W ActivityManager: Rescheduling restart of crashed service com.google.android.apps.messaging/.shared.datamodel.action.execution.ActionExecutorImpl$EmptyService in 265062ms for mem-pressure-event
09-16 15:32:22.639  1470  1508 W ActivityManager: Rescheduling restart of crashed service com.samsung.android.app.routines/.domainmodel.service.NotificationUpdateService in 305062ms for mem-pressure-event
09-16 15:32:22.639  1470  1508 W ActivityManager: Rescheduling restart of crashed service com.samsung.android.fmm/com.samsung.android.fme.offlinefinding.OfflineFindingService in 15060ms for mem-pressure-event
09-16 15:32:22.639  1470  1508 W ActivityManager: Rescheduling restart of crashed service com.samsung.sait.sohservice/.service.BatteryService in 45060ms for mem-pressure-event
09-16 15:32:22.639  1470  1508 W ActivityManager: Rescheduling restart of crashed service com.samsung.android.da.daagent/.service.DAWeekUsageService in 75060ms for mem-pressure-event
09-16 15:32:22.639  1470  1508 W ActivityManager: Rescheduling restart of crashed service com.facebook.services/com.facebook.oxygen.services.fbns.PreloadedFbnsService in 105060ms for mem-pressure-event
09-16 15:32:22.639  1470  1508 W ActivityManager: Rescheduling restart of crashed service com.samsung.klmsagent/.core.EventListenerService in 135060ms for mem-pressure-event
09-16 15:32:22.639  1470  1508 W ActivityManager: Rescheduling restart of crashed service com.samsung.android.game.gamehome/.receiver.NotificationListenerOverR in 165060ms for mem-pressure-event
09-16 15:32:22.639  1470  1508 W ActivityManager: Rescheduling restart of crashed service com.google.android.apps.messaging/.shared.datamodel.action.execution.ActionExecutorImpl$EmptyService in 195060ms for mem-pressure-event
09-16 15:32:22.640  1470  1508 W ActivityManager: Rescheduling restart of crashed service com.samsung.android.app.routines/.domainmodel.service.NotificationUpdateService in 225060ms for mem-pressure-event
09-16 15:32:22.645  1470  1508 W ActivityManager: Rescheduling restart of crashed service com.samsung.android.fmm/com.samsung.android.fme.offlinefinding.OfflineFindingService in 25053ms for mem-pressure-event
09-16 15:32:22.646  1470  1508 W ActivityManager: Rescheduling restart of crashed service com.samsung.sait.sohservice/.service.BatteryService in 65053ms for mem-pressure-event
09-16 15:32:22.646  1470  1508 W ActivityManager: Rescheduling restart of crashed service com.samsung.android.da.daagent/.service.DAWeekUsageService in 105053ms for mem-pressure-event
09-16 15:32:22.646  1470  1508 W ActivityManager: Rescheduling restart of crashed service com.facebook.services/com.facebook.oxygen.services.fbns.Prel25064ms for mem-pressure-event
09-16 15:32:22.636  1470  1508 W ActivityManager: Rescheduling restart of crashed service com.samsung.android.app.routines/.domainmodel.service.NotificationUpdateService in 145064ms for mem-pressure-event
09-16 15:32:22.636  1470  1508 W ActivityManager: Rescheduling restart of crashed service com.samsung.android.fmm/com.samsung.android.fme.offlinefinding.OfflineFindingService in 25062ms for mem-pressure-event
09-16 15:32:22.637  1470  1508 W ActivityManager: Rescheduling restart of crashed service com.samsung.sait.sohservice/.service.BatteryService in 65062ms for mem-pressure-event
09-16 15:32:22.638  1470  1508 W ActivityManager: Rescheduling restart of crashed service com.samsung.android.da.daagent/.service.DAWeekUsageService in 105062ms for mem-pressure-event
09-16 15:32:22.638  1470  1508 W ActivityManager: Rescheduling restart of crashed service com.facebook.services/com.facebook.oxygen.services.fbns.PreloadedFbnsService in 145062ms for mem-pressure-event
09-16 15:32:22.638  1470  1508 W ActivityManager: Rescheduling restart of crashed service com.samsung.klmsagent/.core.EventListenerService in 185062ms for mem-pressure-event
09-16 15:32:22.638  1470  1508 W ActivityManager: Rescheduling restart of crashed service com.samsung.android.game.gamehome/.receiver.NotificationListenerOverR in 225062ms for mem-pressure-event
09-16 15:32:22.639  1470  1508 W ActivityManager: Rescheduling restart of crashed service com.google.android.apps.messaging/.shared.datamodel.action.execution.ActionExecutorImpl$EmptyService in 265062ms for mem-pressure-event
09-16 15:32:22.639  1470  1508 W ActivityManager: Rescheduling restart of crashed service com.samsung.android.app.routines/.domainmodel.service.NotificationUpdateService in 305062ms for mem-pressure-event
09-16 15:32:22.639  1470  1508 W ActivityManager: Rescheduling restart of crashed service com.samsung.android.fmm/com.samsung.android.fme.offlinefinding.OfflineFindingService in 15060ms for mem-pressure-event
09-16 15:32:22.639  1470  1508 W ActivityManager: Rescheduling restart of crashed service com.samsung.sait.sohservice/.service.BatteryService in 45060ms for mem-pressure-event
09-16 15:32:22.639  1470  1508 W ActivityManager: Rescheduling restart of crashed service com.samsung.android.da.daagent/.service.DAWeekUsageService in 75060ms for mem-pressure-event
09-16 15:32:22.639  1470  1508 W ActivityManager: Rescheduling restart of crashed service com.facebook.services/com.facebook.oxygen.services.fbns.PreloadedFbnsService in 105060ms for mem-pressure-event
09-16 15:32:22.639  1470  1508 W ActivityManager: Rescheduling restart of crashed service com.samsung.klmsagent/.core.EventListenerService in 135060ms for mem-pressure-event
09-16 15:32:22.639  1470  1508 W ActivityManager: Rescheduling restart of crashed service com.samsung.android.game.gamehome/.receiver.NotificationListenerOverR in 165060ms for mem-pressure-event
09-16 15:32:22.639  1470  1508 W ActivityManager: Rescheduling restart of crashed service com.google.android.apps.messaging/.shared.datamodel.action.execution.ActionExecutorImpl$EmptyService in 195060ms for mem-pressure-event
09-16 15:32:22.640  1470  1508 W ActivityManager: Rescheduling restart of crashed service com.samsung.android.app.routines/.domainmodel.service.NotificationUpdateService in 225060ms for mem-pressure-event
09-16 15:32:22.645  1470  1508 W ActivityManager: Rescheduling restart of crashed service com.samsung.android.fmm/com.samsung.android.fme.offlinefinding.OfflineFindingService in 25053ms for mem-pressure-event
09-16 15:32:22.646  1470  1508 W ActivityManager: Rescheduling restart of crashed service com.samsung.sait.sohservice/.service.BatteryService in 65053ms for mem-pressure-event
09-16 15:32:22.646  1470  1508 W ActivityManager: Rescheduling restart of crashed service com.samsung.android.da.daagent/.service.DAWeekUsageService in 105053ms for mem-pressure-event
09-16 15:32:22.646  1470  1508 W ActivityManager: Rescheduling restart of crashed service com.facebook.services/com.facebook.oxygen.services.fbns.PreloadedFbnsService in 145053ms for mem-pressure-event
09-16 15:32:22.646  1470  1508 W ActivityManager: Rescheduling restart of crashed service com.samsung.klmsagent/.core.EventListenerService in 185053ms for mem-pressure-event
09-16 15:32:22.646  1470  1508 W ActivityManager: Rescheduling restart of crashed service com.samsung.android.game.gamehome/.receiver.NotificationListenerOverR in 225053ms for mem-pressure-event
09-16 15:32:22.646  1470  1508 W ActivityManager: Rescheduling restart of crashed service com.google.android.apps.messaging/.shared.datamodel.action.execution.ActionExecutorImpl$EmptyService in 265053ms for mem-pressure-event
09-16 15:32:22.646  1470  1508 W ActivityManager: Rescheduling restart of crashed service com.samsung.android.app.routines/.domainmodel.service.NotificationUpdateService in 305053ms for mem-pressure-event
09-16 15:32:22.674  1470  1508 W ActivityManager: Rescheduling restart of crashed service com.samsung.android.fmm/com.samsung.android.fme.offlinefinding.OfflineFindingService in 15024ms for mem-pressure-event
09-16 15:32:22.674  1470  1508 W ActivityManager: Rescheduling restart of crashed service com.samsung.sait.sohservice/.service.BatteryService in 45024ms for mem-pressure-event
09-16 15:32:22.674  1470  1508 W ActivityManager: Rescheduling restart of crashed service com.samsung.android.da.daagent/.service.DAWeekUsageService in 75024ms for mem-pressure-event
09-16 15:32:22.675  1470  1508 W ActivityManager: Rescheduling restart of crashed service com.facebook.services/com.facebook.oxygen.services.fbns.PreloadedFbnsService in 105024ms for mem-pressure-event
09-16 15:32:22.675  1470  1508 W ActivityManager: Rescheduling restart of crashed service com.samsung.klmsagent/.core.EventListenerService in 135024ms for mem-pressure-event
09-16 15:32:22.675  1470  1508 W ActivityManager: Rescheduling restart of crashed service com.samsung.android.game.gamehome/.receiver.NotificationListenerOverR in 165024ms for mem-pressure-event
09-16 15:32:22.675  1470  1508 W ActivityManager: Rescheduling restart of crashed service com.google.android.apps.messaging/.shared.datamodel.action.execution.ActionExecutorImpl$EmptyService in 195024ms for mem-pressure-event
09-16 15:32:22.675  1470  1508 W ActivityManager: Rescheduling restart of crashed service com.samsung.android.app.routines/.domainmodel.service.NotificationUpdateService in 225024ms for mem-pressure-event
09-16 15:32:22.882  1470  1508 W ActivityManager: Rescheduling restart of crashed service com.samsung.android.fmm/com.samsung.android.fme.offlinefinding.OfflineFindingService in 4817ms for mem-pressure-event
09-16 15:32:22.882  1470  1508 W ActivityManager: Rescheduling restart of crashed service com.samsung.sait.sohservice/.service.BatteryService in 24817ms for mem-pressure-event
09-16 15:32:22.882  1470  1508 W ActivityManager: Rescheduling restart of crashed service com.samsung.android.da.daagent/.service.DAWeekUsageService in 44817ms for mem-pressure-event
09-16 15:32:22.882  1470  1508 W ActivityManager: Rescheduling restart of crashed service com.facebook.services/com.facebook.oxygen.services.fbns.PreloadedFbnsService in 64817ms for mem-pressure-event
09-16 15:32:22.882  1470  1508 W ActivityManager: Rescheduling restart of crashed service com.samsung.klmsagent/.core.EventListenerService in 84817ms for mem-pressure-event
09-16 15:32:22.882  1470  1508 W ActivityManager: Rescheduling restart of crashed service com.samsung.android.game.gamehome/.receiver.NotificationListenerOverR in 104817ms for mem-pressure-event
09-16 15:32:22.882  1470  1508 W ActivityManager: Rescheduling restart of crashed service com.google.android.apps.messaging/.shared.datamodel.action.execution.ActionExecutorImpl$EmptyService in 124817ms for mem-pressure-event
09-16 15:32:22.882  1470  1508 W ActivityManager: Rescheduling restart of crashed service com.samsung.android.app.routines/.domainmodel.service.NotificationUpdateService in 144817ms for mem-pressure-event
09-16 15:32:23.361  1470  1510 I ActivityManager: Start proc 22926:com.whatsapp.w4b/u0a298 for service {comoadedFbnsService in 145053ms for mem-pressure-event
09-16 15:32:22.646  1470  1508 W ActivityManager: Rescheduling restart of crashed service com.samsung.klmsagent/.core.EventListenerService in 185053ms for mem-pressure-event
09-16 15:32:22.646  1470  1508 W ActivityManager: Rescheduling restart of crashed service com.samsung.android.game.gamehome/.receiver.NotificationListenerOverR in 225053ms for mem-pressure-event
09-16 15:32:22.646  1470  1508 W ActivityManager: Rescheduling restart of crashed service com.google.android.apps.messaging/.shared.datamodel.action.execution.ActionExecutorImpl$EmptyService in 265053ms for mem-pressure-event
09-16 15:32:22.646  1470  1508 W ActivityManager: Rescheduling restart of crashed service com.samsung.android.app.routines/.domainmodel.service.NotificationUpdateService in 305053ms for mem-pressure-event
09-16 15:32:22.674  1470  1508 W ActivityManager: Rescheduling restart of crashed service com.samsung.android.fmm/com.samsung.android.fme.offlinefinding.OfflineFindingService in 15024ms for mem-pressure-event
09-16 15:32:22.674  1470  1508 W ActivityManager: Rescheduling restart of crashed service com.samsung.sait.sohservice/.service.BatteryService in 45024ms for mem-pressure-event
09-16 15:32:22.674  1470  1508 W ActivityManager: Rescheduling restart of crashed service com.samsung.android.da.daagent/.service.DAWeekUsageService in 75024ms for mem-pressure-event
09-16 15:32:22.675  1470  1508 W ActivityManager: Rescheduling restart of crashed service com.facebook.services/com.facebook.oxygen.services.fbns.PreloadedFbnsService in 105024ms for mem-pressure-event
09-16 15:32:22.675  1470  1508 W ActivityManager: Rescheduling restart of crashed service com.samsung.klmsagent/.core.EventListenerService in 135024ms for mem-pressure-event
09-16 15:32:22.675  1470  1508 W ActivityManager: Rescheduling restart of crashed service com.samsung.android.game.gamehome/.receiver.NotificationListenerOverR in 165024ms for mem-pressure-event
09-16 15:32:22.675  1470  1508 W ActivityManager: Rescheduling restart of crashed service com.google.android.apps.messaging/.shared.datamodel.action.execution.ActionExecutorImpl$EmptyService in 195024ms for mem-pressure-event
09-16 15:32:22.675  1470  1508 W ActivityManager: Rescheduling restart of crashed service com.samsung.android.app.routines/.domainmodel.service.NotificationUpdateService in 225024ms for mem-pressure-event
09-16 15:32:22.882  1470  1508 W ActivityManager: Rescheduling restart of crashed service com.samsung.android.fmm/com.samsung.android.fme.offlinefinding.OfflineFindingService in 4817ms for mem-pressure-event
09-16 15:32:22.882  1470  1508 W ActivityManager: Rescheduling restart of crashed service com.samsung.sait.sohservice/.service.BatteryService in 24817ms for mem-pressure-event
09-16 15:32:22.882  1470  1508 W ActivityManager: Rescheduling restart of crashed service com.samsung.android.da.daagent/.service.DAWeekUsageService in 44817ms for mem-pressure-event
09-16 15:32:22.882  1470  1508 W ActivityManager: Rescheduling restart of crashed service com.facebook.services/com.facebook.oxygen.services.fbns.PreloadedFbnsService in 64817ms for mem-pressure-event
09-16 15:32:22.882  1470  1508 W ActivityManager: Rescheduling restart of crashed service com.samsung.klmsagent/.core.EventListenerService in 84817ms for mem-pressure-event
09-16 15:32:22.882  1470  1508 W ActivityManager: Rescheduling restart of crashed service com.samsung.android.game.gamehome/.receiver.NotificationListenerOverR in 104817ms for mem-pressure-event
09-16 15:32:22.882  1470  1508 W ActivityManager: Rescheduling restart of crashed service com.google.android.apps.messaging/.shared.datamodel.action.execution.ActionExecutorImpl$EmptyService in 124817ms for mem-pressure-event
09-16 15:32:22.882  1470  1508 W ActivityManager: Rescheduling restart of crashed service com.samsung.android.app.routines/.domainmodel.service.NotificationUpdateService in 144817ms for mem-pressure-event
09-16 15:32:23.361  1470  1510 I ActivityManager: Start proc 22926:com.whatsapp.w4b/u0a298 for service {com.whatsapp.w4b/androidx.work.impl.background.systemjob.SystemJobService}
09-16 15:32:23.361  1470  1510 I ActivityManager: ProcessObserver broadcast disabled
09-16 15:32:23.380  1470  1493 I ActivityManager: Changes in 10278 8 to 10, 128 to 0
09-16 15:32:23.381  1470  1493 I ActivityManager: Changes in 10061 8 to 10, 128 to 0
09-16 15:32:23.382  1470  1510 I ActivityManager: Start proc 22927:com.samsung.android.scs/u0a97 for service {com.samsung.android.scs/androidx.work.impl.background.systemjob.SystemJobService}
09-16 15:32:23.383  1470  1510 I ActivityManager: ProcessObserver broadcast disabled
09-16 15:32:23.684  1470  4808 I ActivityManager: Changes in 10097 19 to 8, 0 to 128
09-16 15:32:23.691  1470  4483 I ActivityManager: Process com.samsung.drmboost (pid 22872) has died: cch+15 CEM (83,1030)
09-16 15:32:23.691  1470  4483 W ActivityManager: Scheduling restart of crashed service com.samsung.drmboost/.DrmEventService in 164007ms for connection
09-16 15:32:23.736  1470  1508 W ActivityManager: Rescheduling restart of crashed service com.samsung.android.fmm/com.samsung.android.fme.offlinefinding.OfflineFindingService in 23963ms for mem-pressure-event
09-16 15:32:23.736  1470  1508 W ActivityManager: Rescheduling restart of crashed service com.samsung.sait.sohservice/.service.BatteryService in 63963ms for mem-pressure-event
09-16 15:32:23.736  1470  1508 W ActivityManager: Rescheduling restart of crashed service com.samsung.android.da.daagent/.service.DAWeekUsageService in 103963ms for mem-pressure-event
09-16 15:32:23.736  1470  1508 W ActivityManager: Rescheduling restart of crashed service com.facebook.services/com.facebook.oxygen.services.fbns.PreloadedFbnsService in 143963ms for mem-pressure-event
09-16 15:32:23.736  1470  1508 W ActivityManager: Rescheduling restart of crashed service com.samsung.klmsagent/.core.EventListenerService in 183963ms for mem-pressure-event
09-16 15:32:23.736  1470  1508 W ActivityManager: Rescheduling restart of crashed service com.samsung.android.game.gamehome/.receiver.NotificationListenerOverR in 223963ms for mem-pressure-event
09-16 15:32:23.736  1470  1508 W ActivityManager: Rescheduling restart of crashed service com.google.android.apps.messaging/.shared.datamodel.action.execution.ActionExecutorImpl$EmptyService in 263963ms for mem-pressure-event
09-16 15:32:23.736  1470  1508 W ActivityManager: Rescheduling restart of crashed service com.samsung.android.app.routines/.domainmodel.service.NotificationUpdateService in 303963ms for mem-pressure-event
09-16 15:32:23.736  1470  1508 W ActivityManager: Rescheduling restart of crashed service com.samsung.drmboost/.DrmEventService in 343963ms for mem-pressure-event
09-16 15:32:23.738  1470  2195 I ActivityManager: Process ru.sxbuIDfx.pFSOyagrF (pid 22719) has died: cch+5 CEM (87,1039)
09-16 15:32:23.779  1470  2347 I ActivityManager: Process com.samsung.android.game.gos (pid 22771) has died: cch+5 CEM (89,1039)
09-16 15:32:23.849  1470  2304 I ActivityManager: Process com.netflix.mediaclient (pid 22442) has died: cch+5 CEM (96,1037)
09-16 15:32:23.934  1470  1510 W ActivityManager: Slow operation: 410ms so far, now at startProcess: returned from zygote!
09-16 15:32:23.944  1470  1510 W ActivityManager: Slow operation: 419ms so far, now at startProcess: done updating battery stats
09-16 15:32:23.944  1470  1510 W ActivityManager: Slow operation: 419ms so far, now at startProcess: building log message
09-16 15:32:23.944  1470  1510 I ActivityManager: Start proc 22996:com.netflix.mediaclient:c:o.dya/u0ai0 for  {com.netflix.mediaclient/o.dya}
09-16 15:32:23.944  1470  1510 W ActivityManager: Slow operation: 419ms so far, now at startProcess: starting to update pids map
09-16 15:32:23.944  1470  1510 I ActivityManager: ProcessObserver broadcast disabled
09-16 15:32:23.944  1470  1510 W ActivityManager: Slow operation: 419ms so far, now at startProcess: done updating pids map
09-16 15:32:23.944  1470  1508 W ActivityManager: Rescheduling restart of crashed service com.samsung.android.fmm/com.samsung.android.fme.offlinefinding.OfflineFindingSe.whatsapp.w4b/androidx.work.impl.background.systemjob.SystemJobService}
09-16 15:32:23.361  1470  1510 I ActivityManager: ProcessObserver broadcast disabled
09-16 15:32:23.380  1470  1493 I ActivityManager: Changes in 10278 8 to 10, 128 to 0
09-16 15:32:23.381  1470  1493 I ActivityManager: Changes in 10061 8 to 10, 128 to 0
09-16 15:32:23.382  1470  1510 I ActivityManager: Start proc 22927:com.samsung.android.scs/u0a97 for service {com.samsung.android.scs/androidx.work.impl.background.systemjob.SystemJobService}
09-16 15:32:23.383  1470  1510 I ActivityManager: ProcessObserver broadcast disabled
09-16 15:32:23.684  1470  4808 I ActivityManager: Changes in 10097 19 to 8, 0 to 128
09-16 15:32:23.691  1470  4483 I ActivityManager: Process com.samsung.drmboost (pid 22872) has died: cch+15 CEM (83,1030)
09-16 15:32:23.691  1470  4483 W ActivityManager: Scheduling restart of crashed service com.samsung.drmboost/.DrmEventService in 164007ms for connection
09-16 15:32:23.736  1470  1508 W ActivityManager: Rescheduling restart of crashed service com.samsung.android.fmm/com.samsung.android.fme.offlinefinding.OfflineFindingService in 23963ms for mem-pressure-event
09-16 15:32:23.736  1470  1508 W ActivityManager: Rescheduling restart of crashed service com.samsung.sait.sohservice/.service.BatteryService in 63963ms for mem-pressure-event
09-16 15:32:23.736  1470  1508 W ActivityManager: Rescheduling restart of crashed service com.samsung.android.da.daagent/.service.DAWeekUsageService in 103963ms for mem-pressure-event
09-16 15:32:23.736  1470  1508 W ActivityManager: Rescheduling restart of crashed service com.facebook.services/com.facebook.oxygen.services.fbns.PreloadedFbnsService in 143963ms for mem-pressure-event
09-16 15:32:23.736  1470  1508 W ActivityManager: Rescheduling restart of crashed service com.samsung.klmsagent/.core.EventListenerService in 183963ms for mem-pressure-event
09-16 15:32:23.736  1470  1508 W ActivityManager: Rescheduling restart of crashed service com.samsung.android.game.gamehome/.receiver.NotificationListenerOverR in 223963ms for mem-pressure-event
09-16 15:32:23.736  1470  1508 W ActivityManager: Rescheduling restart of crashed service com.google.android.apps.messaging/.shared.datamodel.action.execution.ActionExecutorImpl$EmptyService in 263963ms for mem-pressure-event
09-16 15:32:23.736  1470  1508 W ActivityManager: Rescheduling restart of crashed service com.samsung.android.app.routines/.domainmodel.service.NotificationUpdateService in 303963ms for mem-pressure-event
09-16 15:32:23.736  1470  1508 W ActivityManager: Rescheduling restart of crashed service com.samsung.drmboost/.DrmEventService in 343963ms for mem-pressure-event
09-16 15:32:23.738  1470  2195 I ActivityManager: Process ru.sxbuIDfx.pFSOyagrF (pid 22719) has died: cch+5 CEM (87,1039)
09-16 15:32:23.779  1470  2347 I ActivityManager: Process com.samsung.android.game.gos (pid 22771) has died: cch+5 CEM (89,1039)
09-16 15:32:23.849  1470  2304 I ActivityManager: Process com.netflix.mediaclient (pid 22442) has died: cch+5 CEM (96,1037)
09-16 15:32:23.934  1470  1510 W ActivityManager: Slow operation: 410ms so far, now at startProcess: returned from zygote!
09-16 15:32:23.944  1470  1510 W ActivityManager: Slow operation: 419ms so far, now at startProcess: done updating battery stats
09-16 15:32:23.944  1470  1510 W ActivityManager: Slow operation: 419ms so far, now at startProcess: building log message
09-16 15:32:23.944  1470  1510 I ActivityManager: Start proc 22996:com.netflix.mediaclient:c:o.dya/u0ai0 for  {com.netflix.mediaclient/o.dya}
09-16 15:32:23.944  1470  1510 W ActivityManager: Slow operation: 419ms so far, now at startProcess: starting to update pids map
09-16 15:32:23.944  1470  1510 I ActivityManager: ProcessObserver broadcast disabled
09-16 15:32:23.944  1470  1510 W ActivityManager: Slow operation: 419ms so far, now at startProcess: done updating pids map
09-16 15:32:23.944  1470  1508 W ActivityManager: Rescheduling restart of crashed service com.samsung.android.fmm/com.samsung.android.fme.offlinefinding.OfflineFindingService in 3754ms for mem-pressure-event
09-16 15:32:23.944  1470  1508 W ActivityManager: Rescheduling restart of crashed service com.samsung.sait.sohservice/.service.BatteryService in 23754ms for mem-pressure-event
09-16 15:32:23.944  1470  1508 W ActivityManager: Rescheduling restart of crashed service com.samsung.android.da.daagent/.service.DAWeekUsageService in 43754ms for mem-pressure-event
09-16 15:32:23.944  1470  1508 W ActivityManager: Rescheduling restart of crashed service com.facebook.services/com.facebook.oxygen.services.fbns.PreloadedFbnsService in 63754ms for mem-pressure-event
09-16 15:32:23.944  1470  1508 W ActivityManager: Rescheduling restart of crashed service com.samsung.klmsagent/.core.EventListenerService in 83754ms for mem-pressure-event
09-16 15:32:23.944  1470  1508 W ActivityManager: Rescheduling restart of crashed service com.samsung.android.game.gamehome/.receiver.NotificationListenerOverR in 103754ms for mem-pressure-event
09-16 15:32:23.944  1470  1508 W ActivityManager: Rescheduling restart of crashed service com.google.android.apps.messaging/.shared.datamodel.action.execution.ActionExecutorImpl$EmptyService in 123754ms for mem-pressure-event
09-16 15:32:23.945  1470  1508 W ActivityManager: Rescheduling restart of crashed service com.samsung.android.app.routines/.domainmodel.service.NotificationUpdateService in 143754ms for mem-pressure-event
09-16 15:32:23.959  1470  1511 I ActivityManager: Process PhantomProcessRecord {61a151a 22817:22442:webview_zygote/u0a278} died
09-16 15:32:24.041  1470  4808 I ActivityManager: Killing 22996:com.netflix.mediaclient:c:o.dya/u0a278i-9000 (adj 905): isolated not needed
09-16 15:32:24.060  1470  4808 I ActivityManager: Changes in 10310 2 to 15, 255 to 0
09-16 15:32:24.065  1470  4808 I ActivityManager: Changes in 10216 3 to 15, 184 to 128
09-16 15:32:24.109  1470  1510 I ActivityManager: Start proc 23015:com.google.android.apps.messaging/u0a215 for service {com.google.android.apps.messaging/com.google.android.apps.messaging.shared.datamodel.action.execution.ActionJobService}
09-16 15:32:24.111  1470  1510 I ActivityManager: ProcessObserver broadcast disabled
09-16 15:32:24.125  1470  1510 I ActivityManager: Start proc 23016:com.samsung.android.app.routines/u0a62 for service {com.samsung.android.app.routines/com.samsung.android.app.routines.domainmodel.metadata.impl.MetadataLoaderJobService}
09-16 15:32:24.125  1470  1510 I ActivityManager: ProcessObserver broadcast disabled
09-16 15:32:24.330  1470  1494 I ActivityManager: Changes in 10097 8 to 10, 128 to 0
09-16 15:32:24.490  1470  1494 I ActivityManager: Changes in 10298 19 to 8, 0 to 128
09-16 15:32:24.529  1470  1509 W ActivityManager: Rescheduling restart of crashed service com.samsung.android.fmm/com.samsung.android.fme.offlinefinding.OfflineFindingService in 3173ms for other
09-16 15:32:24.529  1470  1509 W ActivityManager: Rescheduling restart of crashed service com.samsung.sait.sohservice/.service.BatteryService in 23173ms for other
09-16 15:32:24.530  1470  1509 W ActivityManager: Rescheduling restart of crashed service com.samsung.android.da.daagent/.service.DAWeekUsageService in 43173ms for other
09-16 15:32:24.530  1470  1509 W ActivityManager: Rescheduling restart of crashed service com.facebook.services/com.facebook.oxygen.services.fbns.PreloadedFbnsService in 63173ms for other
09-16 15:32:24.530  1470  1509 W ActivityManager: Rescheduling restart of crashed service com.samsung.klmsagent/.core.EventListenerService in 83173ms for other
09-16 15:32:24.530  1470  1509 W ActivityManager: Rescheduling restart of crashed service com.samsung.android.game.gamehome/.receiver.NotificationListenerOverR in 103173ms for other
09-16 15:32:24.530  1470  1509 W ActivityManager: Rescheduling restart of crashed service com.samsung.android.app.routines/.domainmodel.service.NotificationUpdateService in 123173ms for other
09-16 15:32:24.664  1470  4801 I ActivityManager: Process com.samsung.android.scs (pid 22927) has died: cch+5 CEM (120,1061)
09-16 15:32:24.700  1470  1508 W ActivityManager: Rescheduling rervice in 3754ms for mem-pressure-event
09-16 15:32:23.944  1470  1508 W ActivityManager: Rescheduling restart of crashed service com.samsung.sait.sohservice/.service.BatteryService in 23754ms for mem-pressure-event
09-16 15:32:23.944  1470  1508 W ActivityManager: Rescheduling restart of crashed service com.samsung.android.da.daagent/.service.DAWeekUsageService in 43754ms for mem-pressure-event
09-16 15:32:23.944  1470  1508 W ActivityManager: Rescheduling restart of crashed service com.facebook.services/com.facebook.oxygen.services.fbns.PreloadedFbnsService in 63754ms for mem-pressure-event
09-16 15:32:23.944  1470  1508 W ActivityManager: Rescheduling restart of crashed service com.samsung.klmsagent/.core.EventListenerService in 83754ms for mem-pressure-event
09-16 15:32:23.944  1470  1508 W ActivityManager: Rescheduling restart of crashed service com.samsung.android.game.gamehome/.receiver.NotificationListenerOverR in 103754ms for mem-pressure-event
09-16 15:32:23.944  1470  1508 W ActivityManager: Rescheduling restart of crashed service com.google.android.apps.messaging/.shared.datamodel.action.execution.ActionExecutorImpl$EmptyService in 123754ms for mem-pressure-event
09-16 15:32:23.945  1470  1508 W ActivityManager: Rescheduling restart of crashed service com.samsung.android.app.routines/.domainmodel.service.NotificationUpdateService in 143754ms for mem-pressure-event
09-16 15:32:23.959  1470  1511 I ActivityManager: Process PhantomProcessRecord {61a151a 22817:22442:webview_zygote/u0a278} died
09-16 15:32:24.041  1470  4808 I ActivityManager: Killing 22996:com.netflix.mediaclient:c:o.dya/u0a278i-9000 (adj 905): isolated not needed
09-16 15:32:24.060  1470  4808 I ActivityManager: Changes in 10310 2 to 15, 255 to 0
09-16 15:32:24.065  1470  4808 I ActivityManager: Changes in 10216 3 to 15, 184 to 128
09-16 15:32:24.109  1470  1510 I ActivityManager: Start proc 23015:com.google.android.apps.messaging/u0a215 for service {com.google.android.apps.messaging/com.google.android.apps.messaging.shared.datamodel.action.execution.ActionJobService}
09-16 15:32:24.111  1470  1510 I ActivityManager: ProcessObserver broadcast disabled
09-16 15:32:24.125  1470  1510 I ActivityManager: Start proc 23016:com.samsung.android.app.routines/u0a62 for service {com.samsung.android.app.routines/com.samsung.android.app.routines.domainmodel.metadata.impl.MetadataLoaderJobService}
09-16 15:32:24.125  1470  1510 I ActivityManager: ProcessObserver broadcast disabled
09-16 15:32:24.330  1470  1494 I ActivityManager: Changes in 10097 8 to 10, 128 to 0
09-16 15:32:24.490  1470  1494 I ActivityManager: Changes in 10298 19 to 8, 0 to 128
09-16 15:32:24.529  1470  1509 W ActivityManager: Rescheduling restart of crashed service com.samsung.android.fmm/com.samsung.android.fme.offlinefinding.OfflineFindingService in 3173ms for other
09-16 15:32:24.529  1470  1509 W ActivityManager: Rescheduling restart of crashed service com.samsung.sait.sohservice/.service.BatteryService in 23173ms for other
09-16 15:32:24.530  1470  1509 W ActivityManager: Rescheduling restart of crashed service com.samsung.android.da.daagent/.service.DAWeekUsageService in 43173ms for other
09-16 15:32:24.530  1470  1509 W ActivityManager: Rescheduling restart of crashed service com.facebook.services/com.facebook.oxygen.services.fbns.PreloadedFbnsService in 63173ms for other
09-16 15:32:24.530  1470  1509 W ActivityManager: Rescheduling restart of crashed service com.samsung.klmsagent/.core.EventListenerService in 83173ms for other
09-16 15:32:24.530  1470  1509 W ActivityManager: Rescheduling restart of crashed service com.samsung.android.game.gamehome/.receiver.NotificationListenerOverR in 103173ms for other
09-16 15:32:24.530  1470  1509 W ActivityManager: Rescheduling restart of crashed service com.samsung.android.app.routines/.domainmodel.service.NotificationUpdateService in 123173ms for other
09-16 15:32:24.664  1470  4801 I ActivityManager: Process com.samsung.android.scs (pid 22927) has died: cch+5 CEM (120,1061)
09-16 15:32:24.700  1470  1508 W ActivityManager: Rescheduling restart of crashed service com.samsung.android.fmm/com.samsung.android.fme.offlinefinding.OfflineFindingService in 22999ms for mem-pressure-event
09-16 15:32:24.700  1470  1508 W ActivityManager: Rescheduling restart of crashed service com.samsung.sait.sohservice/.service.BatteryService in 62999ms for mem-pressure-event
09-16 15:32:24.700  1470  1508 W ActivityManager: Rescheduling restart of crashed service com.samsung.android.da.daagent/.service.DAWeekUsageService in 102999ms for mem-pressure-event
09-16 15:32:24.700  1470  1508 W ActivityManager: Rescheduling restart of crashed service com.facebook.services/com.facebook.oxygen.services.fbns.PreloadedFbnsService in 142999ms for mem-pressure-event
09-16 15:32:24.700  1470  1508 W ActivityManager: Rescheduling restart of crashed service com.samsung.klmsagent/.core.EventListenerService in 182999ms for mem-pressure-event
09-16 15:32:24.700  1470  1508 W ActivityManager: Rescheduling restart of crashed service com.samsung.android.game.gamehome/.receiver.NotificationListenerOverR in 222999ms for mem-pressure-event
09-16 15:32:24.701  1470  1508 W ActivityManager: Rescheduling restart of crashed service com.samsung.android.app.routines/.domainmodel.service.NotificationUpdateService in 262999ms for mem-pressure-event
09-16 15:32:24.881  1470  3325 I ActivityManager: Changes in 10298 8 to 10, 128 to 0
09-16 15:32:24.936  1470  4801 I ActivityManager: Process com.whatsapp.w4b (pid 22926) has died: cch+5 CEM (119,1090)
09-16 15:32:25.078  1470  1508 W ActivityManager: Rescheduling restart of crashed service com.samsung.android.fmm/com.samsung.android.fme.offlinefinding.OfflineFindingService in 2620ms for mem-pressure-event
09-16 15:32:25.079  1470  1508 W ActivityManager: Rescheduling restart of crashed service com.samsung.sait.sohservice/.service.BatteryService in 22620ms for mem-pressure-event
09-16 15:32:25.079  1470  1508 W ActivityManager: Rescheduling restart of crashed service com.samsung.android.da.daagent/.service.DAWeekUsageService in 42620ms for mem-pressure-event
09-16 15:32:25.079  1470  1508 W ActivityManager: Rescheduling restart of crashed service com.facebook.services/com.facebook.oxygen.services.fbns.PreloadedFbnsService in 62620ms for mem-pressure-event
09-16 15:32:25.079  1470  1508 W ActivityManager: Rescheduling restart of crashed service com.samsung.klmsagent/.core.EventListenerService in 82620ms for mem-pressure-event
09-16 15:32:25.079  1470  1508 W ActivityManager: Rescheduling restart of crashed service com.samsung.android.game.gamehome/.receiver.NotificationListenerOverR in 102620ms for mem-pressure-event
09-16 15:32:25.079  1470  1508 W ActivityManager: Rescheduling restart of crashed service com.samsung.android.app.routines/.domainmodel.service.NotificationUpdateService in 122620ms for mem-pressure-event
09-16 15:32:25.115  1470  1509 W ActivityManager: Rescheduling restart of crashed service com.samsung.android.fmm/com.samsung.android.fme.offlinefinding.OfflineFindingService in 2583ms for other
09-16 15:32:25.117  1470  1509 W ActivityManager: Rescheduling restart of crashed service com.samsung.sait.sohservice/.service.BatteryService in 22583ms for other
09-16 15:32:25.117  1470  1509 W ActivityManager: Rescheduling restart of crashed service com.samsung.android.da.daagent/.service.DAWeekUsageService in 42583ms for other
09-16 15:32:25.117  1470  1509 W ActivityManager: Rescheduling restart of crashed service com.facebook.services/com.facebook.oxygen.services.fbns.PreloadedFbnsService in 62583ms for other
09-16 15:32:25.117  1470  1509 W ActivityManager: Rescheduling restart of crashed service com.samsung.klmsagent/.core.EventListenerService in 82583ms for other
09-16 15:32:25.117  1470  1509 W ActivityManager: Rescheduling restart of crashed service com.samsung.android.game.gamehome/.receiver.NotificationListenerOverR in 102583ms for other
09-16 15:32:25.118  1470  1510 I ActivityManager: Start proc 23107:com.samsung.android.scs/u0a97 for service {com.samsung.android.scs/androidx.work.impl.background.systemjob.SystemJobService}
09-16 15:32:25.118  14start of crashed service com.samsung.android.fmm/com.samsung.android.fme.offlinefinding.OfflineFindingService in 22999ms for mem-pressure-event
09-16 15:32:24.700  1470  1508 W ActivityManager: Rescheduling restart of crashed service com.samsung.sait.sohservice/.service.BatteryService in 62999ms for mem-pressure-event
09-16 15:32:24.700  1470  1508 W ActivityManager: Rescheduling restart of crashed service com.samsung.android.da.daagent/.service.DAWeekUsageService in 102999ms for mem-pressure-event
09-16 15:32:24.700  1470  1508 W ActivityManager: Rescheduling restart of crashed service com.facebook.services/com.facebook.oxygen.services.fbns.PreloadedFbnsService in 142999ms for mem-pressure-event
09-16 15:32:24.700  1470  1508 W ActivityManager: Rescheduling restart of crashed service com.samsung.klmsagent/.core.EventListenerService in 182999ms for mem-pressure-event
09-16 15:32:24.700  1470  1508 W ActivityManager: Rescheduling restart of crashed service com.samsung.android.game.gamehome/.receiver.NotificationListenerOverR in 222999ms for mem-pressure-event
09-16 15:32:24.701  1470  1508 W ActivityManager: Rescheduling restart of crashed service com.samsung.android.app.routines/.domainmodel.service.NotificationUpdateService in 262999ms for mem-pressure-event
09-16 15:32:24.881  1470  3325 I ActivityManager: Changes in 10298 8 to 10, 128 to 0
09-16 15:32:24.936  1470  4801 I ActivityManager: Process com.whatsapp.w4b (pid 22926) has died: cch+5 CEM (119,1090)
09-16 15:32:25.078  1470  1508 W ActivityManager: Rescheduling restart of crashed service com.samsung.android.fmm/com.samsung.android.fme.offlinefinding.OfflineFindingService in 2620ms for mem-pressure-event
09-16 15:32:25.079  1470  1508 W ActivityManager: Rescheduling restart of crashed service com.samsung.sait.sohservice/.service.BatteryService in 22620ms for mem-pressure-event
09-16 15:32:25.079  1470  1508 W ActivityManager: Rescheduling restart of crashed service com.samsung.android.da.daagent/.service.DAWeekUsageService in 42620ms for mem-pressure-event
09-16 15:32:25.079  1470  1508 W ActivityManager: Rescheduling restart of crashed service com.facebook.services/com.facebook.oxygen.services.fbns.PreloadedFbnsService in 62620ms for mem-pressure-event
09-16 15:32:25.079  1470  1508 W ActivityManager: Rescheduling restart of crashed service com.samsung.klmsagent/.core.EventListenerService in 82620ms for mem-pressure-event
09-16 15:32:25.079  1470  1508 W ActivityManager: Rescheduling restart of crashed service com.samsung.android.game.gamehome/.receiver.NotificationListenerOverR in 102620ms for mem-pressure-event
09-16 15:32:25.079  1470  1508 W ActivityManager: Rescheduling restart of crashed service com.samsung.android.app.routines/.domainmodel.service.NotificationUpdateService in 122620ms for mem-pressure-event
09-16 15:32:25.115  1470  1509 W ActivityManager: Rescheduling restart of crashed service com.samsung.android.fmm/com.samsung.android.fme.offlinefinding.OfflineFindingService in 2583ms for other
09-16 15:32:25.117  1470  1509 W ActivityManager: Rescheduling restart of crashed service com.samsung.sait.sohservice/.service.BatteryService in 22583ms for other
09-16 15:32:25.117  1470  1509 W ActivityManager: Rescheduling restart of crashed service com.samsung.android.da.daagent/.service.DAWeekUsageService in 42583ms for other
09-16 15:32:25.117  1470  1509 W ActivityManager: Rescheduling restart of crashed service com.facebook.services/com.facebook.oxygen.services.fbns.PreloadedFbnsService in 62583ms for other
09-16 15:32:25.117  1470  1509 W ActivityManager: Rescheduling restart of crashed service com.samsung.klmsagent/.core.EventListenerService in 82583ms for other
09-16 15:32:25.117  1470  1509 W ActivityManager: Rescheduling restart of crashed service com.samsung.android.game.gamehome/.receiver.NotificationListenerOverR in 102583ms for other
09-16 15:32:25.118  1470  1510 I ActivityManager: Start proc 23107:com.samsung.android.scs/u0a97 for service {com.samsung.android.scs/androidx.work.impl.background.systemjob.SystemJobService}
09-16 15:32:25.118  1470  1510 I ActivityManager: ProcessObserver broadcast disabled
09-16 15:32:25.273  1470  4808 I ActivityManager: Process com.google.android.apps.messaging (pid 23015) has died: cch+5 CEM (136,1102)
09-16 15:32:25.283  1470  1508 W ActivityManager: Rescheduling restart of crashed service com.samsung.android.fmm/com.samsung.android.fme.offlinefinding.OfflineFindingService in 22415ms for mem-pressure-event
09-16 15:32:25.283  1470  1508 W ActivityManager: Rescheduling restart of crashed service com.samsung.sait.sohservice/.service.BatteryService in 62415ms for mem-pressure-event
09-16 15:32:25.283  1470  1508 W ActivityManager: Rescheduling restart of crashed service com.samsung.android.da.daagent/.service.DAWeekUsageService in 102415ms for mem-pressure-event
09-16 15:32:25.283  1470  1508 W ActivityManager: Rescheduling restart of crashed service com.facebook.services/com.facebook.oxygen.services.fbns.PreloadedFbnsService in 142415ms for mem-pressure-event
09-16 15:32:25.283  1470  1508 W ActivityManager: Rescheduling restart of crashed service com.samsung.klmsagent/.core.EventListenerService in 182415ms for mem-pressure-event
09-16 15:32:25.283  1470  1508 W ActivityManager: Rescheduling restart of crashed service com.samsung.android.game.gamehome/.receiver.NotificationListenerOverR in 222415ms for mem-pressure-event
09-16 15:32:25.295  1470  2294 I ActivityManager: Changes in 10097 19 to 8, 0 to 128
09-16 15:32:25.354  1470  4812 I ActivityManager: Changes in 10097 8 to 10, 128 to 0
09-16 15:32:26.215  1470  1508 W ActivityManager: Rescheduling restart of crashed service com.samsung.android.fmm/com.samsung.android.fme.offlinefinding.OfflineFindingService in 11484ms for mem-pressure-event
09-16 15:32:26.215  1470  1508 W ActivityManager: Rescheduling restart of crashed service com.samsung.sait.sohservice/.service.BatteryService in 41484ms for mem-pressure-event
09-16 15:32:26.215  1470  1508 W ActivityManager: Rescheduling restart of crashed service com.samsung.android.da.daagent/.service.DAWeekUsageService in 71484ms for mem-pressure-event
09-16 15:32:26.215  1470  1508 W ActivityManager: Rescheduling restart of crashed service com.facebook.services/com.facebook.oxygen.services.fbns.PreloadedFbnsService in 101484ms for mem-pressure-event
09-16 15:32:26.215  1470  1508 W ActivityManager: Rescheduling restart of crashed service com.samsung.klmsagent/.core.EventListenerService in 131484ms for mem-pressure-event
09-16 15:32:26.216  1470  1508 W ActivityManager: Rescheduling restart of crashed service com.samsung.android.game.gamehome/.receiver.NotificationListenerOverR in 161484ms for mem-pressure-event
09-16 15:32:26.406  1470  2294 I ActivityManager: Changes in 10097 19 to 8, 0 to 128
09-16 15:32:26.427  1470  1924 I ActivityManager: Changes in 10249 6 to 10, 128 to 0
09-16 15:32:26.476  1470  1510 I ActivityManager: Start proc 23156:com.google.android.apps.messaging/u0a215 for service {com.google.android.apps.messaging/com.google.android.apps.messaging.shared.datamodel.action.execution.ActionJobService}
09-16 15:32:26.478  1470  1510 I ActivityManager: ProcessObserver broadcast disabled
09-16 15:32:26.505  1470  1510 I ActivityManager: Start proc 23157:com.google.android.cellbroadcastreceiver/u0a260 for broadcast {com.google.android.cellbroadcastreceiver/com.android.cellbroadcastreceiver.CellBroadcastReceiver}
09-16 15:32:26.508  1470  1510 I ActivityManager: ProcessObserver broadcast disabled
09-16 15:32:26.902  1470  4812 I ActivityManager: Changes in 10260 19 to 11, 0 to 128
09-16 15:32:26.959  1470  2294 I ActivityManager: Changes in 10260 11 to 19, 128 to 0
09-16 15:32:27.007  1470  1509 I ActivityManager: Changes in 10260 19 to 11, 0 to 128
09-16 15:32:27.016  1470  4812 I ActivityManager: Changes in 10260 11 to 19, 128 to 0
09-16 15:32:27.130  1470  1510 I ActivityManager: Start proc 23214:com.instagram.android/u0a311 for broadcast {com.instagram.android/com.instagram.analytics.uploadscheduler.AnalyticsUploadAlarmReceiver}
09-16 15:32:27.131  1470  1510 I ActivityManager: ProcessObserver broadcast disabled
09-16 1570  1510 I ActivityManager: ProcessObserver broadcast disabled
09-16 15:32:25.273  1470  4808 I ActivityManager: Process com.google.android.apps.messaging (pid 23015) has died: cch+5 CEM (136,1102)
09-16 15:32:25.283  1470  1508 W ActivityManager: Rescheduling restart of crashed service com.samsung.android.fmm/com.samsung.android.fme.offlinefinding.OfflineFindingService in 22415ms for mem-pressure-event
09-16 15:32:25.283  1470  1508 W ActivityManager: Rescheduling restart of crashed service com.samsung.sait.sohservice/.service.BatteryService in 62415ms for mem-pressure-event
09-16 15:32:25.283  1470  1508 W ActivityManager: Rescheduling restart of crashed service com.samsung.android.da.daagent/.service.DAWeekUsageService in 102415ms for mem-pressure-event
09-16 15:32:25.283  1470  1508 W ActivityManager: Rescheduling restart of crashed service com.facebook.services/com.facebook.oxygen.services.fbns.PreloadedFbnsService in 142415ms for mem-pressure-event
09-16 15:32:25.283  1470  1508 W ActivityManager: Rescheduling restart of crashed service com.samsung.klmsagent/.core.EventListenerService in 182415ms for mem-pressure-event
09-16 15:32:25.283  1470  1508 W ActivityManager: Rescheduling restart of crashed service com.samsung.android.game.gamehome/.receiver.NotificationListenerOverR in 222415ms for mem-pressure-event
09-16 15:32:25.295  1470  2294 I ActivityManager: Changes in 10097 19 to 8, 0 to 128
09-16 15:32:25.354  1470  4812 I ActivityManager: Changes in 10097 8 to 10, 128 to 0
09-16 15:32:26.215  1470  1508 W ActivityManager: Rescheduling restart of crashed service com.samsung.android.fmm/com.samsung.android.fme.offlinefinding.OfflineFindingService in 11484ms for mem-pressure-event
09-16 15:32:26.215  1470  1508 W ActivityManager: Rescheduling restart of crashed service com.samsung.sait.sohservice/.service.BatteryService in 41484ms for mem-pressure-event
09-16 15:32:26.215  1470  1508 W ActivityManager: Rescheduling restart of crashed service com.samsung.android.da.daagent/.service.DAWeekUsageService in 71484ms for mem-pressure-event
09-16 15:32:26.215  1470  1508 W ActivityManager: Rescheduling restart of crashed service com.facebook.services/com.facebook.oxygen.services.fbns.PreloadedFbnsService in 101484ms for mem-pressure-event
09-16 15:32:26.215  1470  1508 W ActivityManager: Rescheduling restart of crashed service com.samsung.klmsagent/.core.EventListenerService in 131484ms for mem-pressure-event
09-16 15:32:26.216  1470  1508 W ActivityManager: Rescheduling restart of crashed service com.samsung.android.game.gamehome/.receiver.NotificationListenerOverR in 161484ms for mem-pressure-event
09-16 15:32:26.406  1470  2294 I ActivityManager: Changes in 10097 19 to 8, 0 to 128
09-16 15:32:26.427  1470  1924 I ActivityManager: Changes in 10249 6 to 10, 128 to 0
09-16 15:32:26.476  1470  1510 I ActivityManager: Start proc 23156:com.google.android.apps.messaging/u0a215 for service {com.google.android.apps.messaging/com.google.android.apps.messaging.shared.datamodel.action.execution.ActionJobService}
09-16 15:32:26.478  1470  1510 I ActivityManager: ProcessObserver broadcast disabled
09-16 15:32:26.505  1470  1510 I ActivityManager: Start proc 23157:com.google.android.cellbroadcastreceiver/u0a260 for broadcast {com.google.android.cellbroadcastreceiver/com.android.cellbroadcastreceiver.CellBroadcastReceiver}
09-16 15:32:26.508  1470  1510 I ActivityManager: ProcessObserver broadcast disabled
09-16 15:32:26.902  1470  4812 I ActivityManager: Changes in 10260 19 to 11, 0 to 128
09-16 15:32:26.959  1470  2294 I ActivityManager: Changes in 10260 11 to 19, 128 to 0
09-16 15:32:27.007  1470  1509 I ActivityManager: Changes in 10260 19 to 11, 0 to 128
09-16 15:32:27.016  1470  4812 I ActivityManager: Changes in 10260 11 to 19, 128 to 0
09-16 15:32:27.130  1470  1510 I ActivityManager: Start proc 23214:com.instagram.android/u0a311 for broadcast {com.instagram.android/com.instagram.analytics.uploadscheduler.AnalyticsUploadAlarmReceiver}
09-16 15:32:27.131  1470  1510 I ActivityManager: ProcessObserver broadcast disabled
09-16 15:32:27.220  1470  1508 W ActivityManager: Rescheduling restart of crashed service com.samsung.android.fmm/com.samsung.android.fme.offlinefinding.OfflineFindingService in 479ms for mem-pressure-event
09-16 15:32:27.220  1470  1508 W ActivityManager: Rescheduling restart of crashed service com.samsung.sait.sohservice/.service.BatteryService in 20479ms for mem-pressure-event
09-16 15:32:27.220  1470  1508 W ActivityManager: Rescheduling restart of crashed service com.samsung.android.da.daagent/.service.DAWeekUsageService in 40479ms for mem-pressure-event
09-16 15:32:27.220  1470  1508 W ActivityManager: Rescheduling restart of crashed service com.facebook.services/com.facebook.oxygen.services.fbns.PreloadedFbnsService in 60479ms for mem-pressure-event
09-16 15:32:27.220  1470  1508 W ActivityManager: Rescheduling restart of crashed service com.samsung.klmsagent/.core.EventListenerService in 80479ms for mem-pressure-event
09-16 15:32:27.220  1470  1508 W ActivityManager: Rescheduling restart of crashed service com.samsung.android.game.gamehome/.receiver.NotificationListenerOverR in 100479ms for mem-pressure-event
09-16 15:32:27.763  1470  1510 I ActivityManager: Start proc 23249:com.samsung.android.fmm/1000 for service {com.samsung.android.fmm/com.samsung.android.fme.offlinefinding.OfflineFindingService}
09-16 15:32:27.763  1470  1510 I ActivityManager: ProcessObserver broadcast disabled
09-16 15:32:27.773  1470  2338 W ActivityManager: Unbind failed: could not find connection for android.os.BinderProxy@8fea372
09-16 15:32:27.799  1470  4816 W ActivityManager: Unable to start service Intent { act=android.telephony.satellite.SatelliteService xflg=0x4 pkg=com.mediatek.satellite.service } U=0: not found
09-16 15:32:28.377  1470  1510 I ActivityManager: Start proc 23332:com.google.android.gms/u150a217 for service {com.google.android.gms/com.google.android.gms.clearcut.uploader.QosUploaderService}
09-16 15:32:28.377  1470  1510 I ActivityManager: ProcessObserver broadcast disabled
09-16 15:32:28.743  1470  4808 I ActivityManager: Process com.google.android.permissioncontroller (pid 20930) has died: cch+15 CEM (84,937)
09-16 15:32:28.902  1470  2346 I ActivityManager: Process com.google.android.apps.messaging (pid 23156) has died: cch+5 CEM (126,918)
09-16 15:32:28.921  1470  1508 W ActivityManager: Rescheduling restart of crashed service com.samsung.sait.sohservice/.service.BatteryService in 18824ms for mem-pressure-event
09-16 15:32:28.921  1470  1508 W ActivityManager: Rescheduling restart of crashed service com.samsung.android.da.daagent/.service.DAWeekUsageService in 58824ms for mem-pressure-event
09-16 15:32:28.921  1470  1508 W ActivityManager: Rescheduling restart of crashed service com.facebook.services/com.facebook.oxygen.services.fbns.PreloadedFbnsService in 98824ms for mem-pressure-event
09-16 15:32:28.922  1470  1508 W ActivityManager: Rescheduling restart of crashed service com.samsung.klmsagent/.core.EventListenerService in 138824ms for mem-pressure-event
09-16 15:32:28.922  1470  1508 W ActivityManager: Rescheduling restart of crashed service com.samsung.android.game.gamehome/.receiver.NotificationListenerOverR in 178824ms for mem-pressure-event
09-16 15:32:29.166  1470  4808 I ActivityManager: Changes in 10097 8 to 8, 128 to 0
09-16 15:32:29.379  1470  1510 I ActivityManager: Start proc 23433:com.google.android.apps.messaging/u0a215 for service {com.google.android.apps.messaging/com.google.android.apps.messaging.shared.datamodel.action.execution.ActionJobService}
09-16 15:32:29.379  1470  1510 I ActivityManager: ProcessObserver broadcast disabled
09-16 15:32:29.454  1470  1508 W ActivityManager: Rescheduling restart of crashed service com.samsung.sait.sohservice/.service.BatteryService in 0ms for mem-pressure-event
09-16 15:32:29.455  1470  1508 W ActivityManager: Rescheduling restart of crashed service com.samsung.android.da.daagent/.service.DAWeekUsageService in 0ms for mem-pressure-event
09-16 15:32:29.456  1470  1508 W ActivityManager: Rescheduling restart of crashed service com.facebook.services/com.facebook.:32:27.220  1470  1508 W ActivityManager: Rescheduling restart of crashed service com.samsung.android.fmm/com.samsung.android.fme.offlinefinding.OfflineFindingService in 479ms for mem-pressure-event
09-16 15:32:27.220  1470  1508 W ActivityManager: Rescheduling restart of crashed service com.samsung.sait.sohservice/.service.BatteryService in 20479ms for mem-pressure-event
09-16 15:32:27.220  1470  1508 W ActivityManager: Rescheduling restart of crashed service com.samsung.android.da.daagent/.service.DAWeekUsageService in 40479ms for mem-pressure-event
09-16 15:32:27.220  1470  1508 W ActivityManager: Rescheduling restart of crashed service com.facebook.services/com.facebook.oxygen.services.fbns.PreloadedFbnsService in 60479ms for mem-pressure-event
09-16 15:32:27.220  1470  1508 W ActivityManager: Rescheduling restart of crashed service com.samsung.klmsagent/.core.EventListenerService in 80479ms for mem-pressure-event
09-16 15:32:27.220  1470  1508 W ActivityManager: Rescheduling restart of crashed service com.samsung.android.game.gamehome/.receiver.NotificationListenerOverR in 100479ms for mem-pressure-event
09-16 15:32:27.763  1470  1510 I ActivityManager: Start proc 23249:com.samsung.android.fmm/1000 for service {com.samsung.android.fmm/com.samsung.android.fme.offlinefinding.OfflineFindingService}
09-16 15:32:27.763  1470  1510 I ActivityManager: ProcessObserver broadcast disabled
09-16 15:32:27.773  1470  2338 W ActivityManager: Unbind failed: could not find connection for android.os.BinderProxy@8fea372
09-16 15:32:27.799  1470  4816 W ActivityManager: Unable to start service Intent { act=android.telephony.satellite.SatelliteService xflg=0x4 pkg=com.mediatek.satellite.service } U=0: not found
09-16 15:32:28.377  1470  1510 I ActivityManager: Start proc 23332:com.google.android.gms/u150a217 for service {com.google.android.gms/com.google.android.gms.clearcut.uploader.QosUploaderService}
09-16 15:32:28.377  1470  1510 I ActivityManager: ProcessObserver broadcast disabled
09-16 15:32:28.743  1470  4808 I ActivityManager: Process com.google.android.permissioncontroller (pid 20930) has died: cch+15 CEM (84,937)
09-16 15:32:28.902  1470  2346 I ActivityManager: Process com.google.android.apps.messaging (pid 23156) has died: cch+5 CEM (126,918)
09-16 15:32:28.921  1470  1508 W ActivityManager: Rescheduling restart of crashed service com.samsung.sait.sohservice/.service.BatteryService in 18824ms for mem-pressure-event
09-16 15:32:28.921  1470  1508 W ActivityManager: Rescheduling restart of crashed service com.samsung.android.da.daagent/.service.DAWeekUsageService in 58824ms for mem-pressure-event
09-16 15:32:28.921  1470  1508 W ActivityManager: Rescheduling restart of crashed service com.facebook.services/com.facebook.oxygen.services.fbns.PreloadedFbnsService in 98824ms for mem-pressure-event
09-16 15:32:28.922  1470  1508 W ActivityManager: Rescheduling restart of crashed service com.samsung.klmsagent/.core.EventListenerService in 138824ms for mem-pressure-event
09-16 15:32:28.922  1470  1508 W ActivityManager: Rescheduling restart of crashed service com.samsung.android.game.gamehome/.receiver.NotificationListenerOverR in 178824ms for mem-pressure-event
09-16 15:32:29.166  1470  4808 I ActivityManager: Changes in 10097 8 to 8, 128 to 0
09-16 15:32:29.379  1470  1510 I ActivityManager: Start proc 23433:com.google.android.apps.messaging/u0a215 for service {com.google.android.apps.messaging/com.google.android.apps.messaging.shared.datamodel.action.execution.ActionJobService}
09-16 15:32:29.379  1470  1510 I ActivityManager: ProcessObserver broadcast disabled
09-16 15:32:29.454  1470  1508 W ActivityManager: Rescheduling restart of crashed service com.samsung.sait.sohservice/.service.BatteryService in 0ms for mem-pressure-event
09-16 15:32:29.455  1470  1508 W ActivityManager: Rescheduling restart of crashed service com.samsung.android.da.daagent/.service.DAWeekUsageService in 0ms for mem-pressure-event
09-16 15:32:29.456  1470  1508 W ActivityManager: Rescheduling restart of crashed service com.facebook.services/com.facebook.oxygen.services.fbns.PreloadedFbnsService in 0ms for mem-pressure-event
09-16 15:32:29.456  1470  1508 W ActivityManager: Rescheduling restart of crashed service com.samsung.klmsagent/.core.EventListenerService in 0ms for mem-pressure-event
09-16 15:32:29.457  1470  1508 W ActivityManager: Rescheduling restart of crashed service com.samsung.android.game.gamehome/.receiver.NotificationListenerOverR in 396ms for mem-pressure-event
09-16 15:32:29.492  1470  1510 I ActivityManager: Start proc 23454:com.samsung.sait.sohservice/1000 for service {com.samsung.sait.sohservice/com.samsung.sait.sohservice.service.BatteryService}
09-16 15:32:29.492  1470  1510 I ActivityManager: ProcessObserver broadcast disabled
09-16 15:32:29.528  1470  1510 W ActivityManager: Slow operation: 65ms so far, now at startProcess: returned from zygote!
09-16 15:32:29.535  1470  1510 W ActivityManager: Slow operation: 73ms so far, now at startProcess: done updating battery stats
09-16 15:32:29.540  1470  1510 W ActivityManager: Slow operation: 77ms so far, now at startProcess: building log message
09-16 15:32:29.540  1470  1510 I ActivityManager: Start proc 23459:com.samsung.android.da.daagent/1000 for service {com.samsung.android.da.daagent/com.samsung.android.da.daagent.service.DAWeekUsageService}
09-16 15:32:29.540  1470  1510 W ActivityManager: Slow operation: 78ms so far, now at startProcess: starting to update pids map
09-16 15:32:29.543  1470  1510 I ActivityManager: ProcessObserver broadcast disabled
09-16 15:32:29.543  1470  1510 W ActivityManager: Slow operation: 81ms so far, now at startProcess: done updating pids map
09-16 15:32:29.544  1470  1510 W ActivityManager: Slow operation: 58ms so far, now at startProcess: asking zygote to start proc
09-16 15:32:29.569  1470  1510 W ActivityManager: Slow operation: 83ms so far, now at startProcess: returned from zygote!
09-16 15:32:29.569  1470  1510 W ActivityManager: Slow operation: 84ms so far, now at startProcess: done updating battery stats
09-16 15:32:29.569  1470  1510 W ActivityManager: Slow operation: 84ms so far, now at startProcess: building log message
09-16 15:32:29.569  1470  1510 I ActivityManager: Start proc 23468:com.facebook.services/u0a68 for service {com.facebook.services/com.facebook.oxygen.services.fbns.PreloadedFbnsService}
09-16 15:32:29.569  1470  1510 W ActivityManager: Slow operation: 84ms so far, now at startProcess: starting to update pids map
09-16 15:32:29.577  1470  1510 I ActivityManager: ProcessObserver broadcast disabled
09-16 15:32:29.586  1470  1510 W ActivityManager: Slow operation: 100ms so far, now at startProcess: done updating pids map
09-16 15:32:29.586  1470  1510 W ActivityManager: Slow operation: 96ms so far, now at startProcess: asking zygote to start proc
09-16 15:32:29.658  1470  1510 W ActivityManager: Slow operation: 168ms so far, now at startProcess: returned from zygote!
09-16 15:32:29.683  1470  1510 W ActivityManager: Slow operation: 193ms so far, now at startProcess: done updating battery stats
09-16 15:32:29.683  1470  1510 W ActivityManager: Slow operation: 193ms so far, now at startProcess: building log message
09-16 15:32:29.683  1470  1510 I ActivityManager: Start proc 23481:com.samsung.klmsagent/u0a72 for service {com.samsung.klmsagent/com.samsung.klmsagent.core.EventListenerService}
09-16 15:32:29.683  1470  1510 W ActivityManager: Slow operation: 193ms so far, now at startProcess: starting to update pids map
09-16 15:32:29.686  1470  1510 I ActivityManager: ProcessObserver broadcast disabled
09-16 15:32:29.687  1470  1510 W ActivityManager: Slow operation: 197ms so far, now at startProcess: done updating pids map
09-16 15:32:29.821  1470  4801 W ActivityManager: Background start not allowed: service Intent { xflg=0x4 cmp=com.instagram.android/com.instagram.jobscheduler.bgfetch.scheduler.IgBgFetchTaskLifeService (has extras) } to com.instagram.android/com.instagram.jobscheduler.bgfetch.scheduler.IgBgFetchTaskLifeService from pid=23214 uid=10311 pkg=com.instagram.android startFg?=false
09-16 15:32:29.872  1470  2304 I ActivityManager: Chaoxygen.services.fbns.PreloadedFbnsService in 0ms for mem-pressure-event
09-16 15:32:29.456  1470  1508 W ActivityManager: Rescheduling restart of crashed service com.samsung.klmsagent/.core.EventListenerService in 0ms for mem-pressure-event
09-16 15:32:29.457  1470  1508 W ActivityManager: Rescheduling restart of crashed service com.samsung.android.game.gamehome/.receiver.NotificationListenerOverR in 396ms for mem-pressure-event
09-16 15:32:29.492  1470  1510 I ActivityManager: Start proc 23454:com.samsung.sait.sohservice/1000 for service {com.samsung.sait.sohservice/com.samsung.sait.sohservice.service.BatteryService}
09-16 15:32:29.492  1470  1510 I ActivityManager: ProcessObserver broadcast disabled
09-16 15:32:29.528  1470  1510 W ActivityManager: Slow operation: 65ms so far, now at startProcess: returned from zygote!
09-16 15:32:29.535  1470  1510 W ActivityManager: Slow operation: 73ms so far, now at startProcess: done updating battery stats
09-16 15:32:29.540  1470  1510 W ActivityManager: Slow operation: 77ms so far, now at startProcess: building log message
09-16 15:32:29.540  1470  1510 I ActivityManager: Start proc 23459:com.samsung.android.da.daagent/1000 for service {com.samsung.android.da.daagent/com.samsung.android.da.daagent.service.DAWeekUsageService}
09-16 15:32:29.540  1470  1510 W ActivityManager: Slow operation: 78ms so far, now at startProcess: starting to update pids map
09-16 15:32:29.543  1470  1510 I ActivityManager: ProcessObserver broadcast disabled
09-16 15:32:29.543  1470  1510 W ActivityManager: Slow operation: 81ms so far, now at startProcess: done updating pids map
09-16 15:32:29.544  1470  1510 W ActivityManager: Slow operation: 58ms so far, now at startProcess: asking zygote to start proc
09-16 15:32:29.569  1470  1510 W ActivityManager: Slow operation: 83ms so far, now at startProcess: returned from zygote!
09-16 15:32:29.569  1470  1510 W ActivityManager: Slow operation: 84ms so far, now at startProcess: done updating battery stats
09-16 15:32:29.569  1470  1510 W ActivityManager: Slow operation: 84ms so far, now at startProcess: building log message
09-16 15:32:29.569  1470  1510 I ActivityManager: Start proc 23468:com.facebook.services/u0a68 for service {com.facebook.services/com.facebook.oxygen.services.fbns.PreloadedFbnsService}
09-16 15:32:29.569  1470  1510 W ActivityManager: Slow operation: 84ms so far, now at startProcess: starting to update pids map
09-16 15:32:29.577  1470  1510 I ActivityManager: ProcessObserver broadcast disabled
09-16 15:32:29.586  1470  1510 W ActivityManager: Slow operation: 100ms so far, now at startProcess: done updating pids map
09-16 15:32:29.586  1470  1510 W ActivityManager: Slow operation: 96ms so far, now at startProcess: asking zygote to start proc
09-16 15:32:29.658  1470  1510 W ActivityManager: Slow operation: 168ms so far, now at startProcess: returned from zygote!
09-16 15:32:29.683  1470  1510 W ActivityManager: Slow operation: 193ms so far, now at startProcess: done updating battery stats
09-16 15:32:29.683  1470  1510 W ActivityManager: Slow operation: 193ms so far, now at startProcess: building log message
09-16 15:32:29.683  1470  1510 I ActivityManager: Start proc 23481:com.samsung.klmsagent/u0a72 for service {com.samsung.klmsagent/com.samsung.klmsagent.core.EventListenerService}
09-16 15:32:29.683  1470  1510 W ActivityManager: Slow operation: 193ms so far, now at startProcess: starting to update pids map
09-16 15:32:29.686  1470  1510 I ActivityManager: ProcessObserver broadcast disabled
09-16 15:32:29.687  1470  1510 W ActivityManager: Slow operation: 197ms so far, now at startProcess: done updating pids map
09-16 15:32:29.821  1470  4801 W ActivityManager: Background start not allowed: service Intent { xflg=0x4 cmp=com.instagram.android/com.instagram.jobscheduler.bgfetch.scheduler.IgBgFetchTaskLifeService (has extras) } to com.instagram.android/com.instagram.jobscheduler.bgfetch.scheduler.IgBgFetchTaskLifeService from pid=23214 uid=10311 pkg=com.instagram.android startFg?=false
09-16 15:32:29.872  1470  2304 I ActivityManager: Changes in 15010217 19 to 8, 0 to 128
09-16 15:32:29.878  1470  1510 I ActivityManager: Start proc 23547:com.samsung.android.game.gamehome:notification/u0a272 for service {com.samsung.android.game.gamehome/com.samsung.android.game.gamehome.receiver.NotificationListenerOverR}
09-16 15:32:29.878  1470  1510 I ActivityManager: ProcessObserver broadcast disabled
09-16 15:32:30.285  1470  2338 I ActivityManager: Changes in 10311 19 to 11, 0 to 128
09-16 15:32:30.349  1470  1510 I ActivityManager: Start proc 23623:com.samsung.android.dqagent/1000 for broadcast {com.samsung.android.dqagent/com.samsung.android.dqagent.receiver.DQADataReceiver}
09-16 15:32:30.350  1470  1510 I ActivityManager: ProcessObserver broadcast disabled
09-16 15:32:30.496  1470  2304 I ActivityManager: Changes in 10272 19 to 5, 0 to 184
09-16 15:32:30.631  1470  2346 I ActivityManager: Changes in 10068 19 to 10, 0 to 128
09-16 15:32:30.636  1470  1510 I ActivityManager: Start proc 23689:com.samsung.android.game.gamehome/u0a272 for content provider {com.samsung.android.game.gamehome/com.samsung.android.game.gamehome.provider.GameLauncherProvider}
09-16 15:32:30.636  1470  1510 I ActivityManager: ProcessObserver broadcast disabled
09-16 15:32:31.066  1470  2338 I ActivityManager: Changes in 10068 8 to 10, 128 to 0
09-16 15:32:31.122  1470  1509 I ActivityManager: Changes in 10260 19 to 11, 0 to 128
09-16 15:32:31.134  1470  1510 I ActivityManager: Start proc 23778:com.facebook.appmanager/u0a147 for content provider {com.facebook.appmanager/com.facebook.oxygen.appmanager.firstparty.settings.FirstPartySettingsProvider}
09-16 15:32:31.134  1470  1510 I ActivityManager: ProcessObserver broadcast disabled
09-16 15:32:31.160  1470  2294 I ActivityManager: Changes in 10260 11 to 19, 128 to 0
09-16 15:32:31.535  1470  1509 I ActivityManager: Changes in 10260 19 to 11, 0 to 128
09-16 15:32:31.579  1470  1510 W ActivityManager: Slow operation: 57ms so far, now at startProcess: returned from zygote!
09-16 15:32:31.608  1470  4801 I ActivityManager: Changes in 10260 11 to 19, 128 to 0
09-16 15:32:31.657  1470  1510 W ActivityManager: Slow operation: 135ms so far, now at startProcess: done updating battery stats
09-16 15:32:31.657  1470  1510 W ActivityManager: Slow operation: 135ms so far, now at startProcess: building log message
09-16 15:32:31.657  1470  1510 I ActivityManager: Start proc 23842:com.instagram.barcelona/u0a323 for broadcast {com.instagram.barcelona/com.instagram.push.FbnsInitBroadcastReceiver}
09-16 15:32:31.657  1470  1510 W ActivityManager: Slow operation: 135ms so far, now at startProcess: starting to update pids map
09-16 15:32:31.657  1470  1510 I ActivityManager: ProcessObserver broadcast disabled
09-16 15:32:31.657  1470  1510 W ActivityManager: Slow operation: 135ms so far, now at startProcess: done updating pids map
09-16 15:32:31.763  1470  2346 I ActivityManager: Changes in 15010217 8 to 10, 128 to 0
09-16 15:32:31.799  1470  2338 I ActivityManager: Changes in 10068 10 to 10, 0 to 128
09-16 15:32:31.813  1470  2346 I ActivityManager: Changes in 10068 10 to 10, 128 to 0
09-16 15:32:32.344  1470  4784 I ActivityManager: Changes in 10147 10 to 8, 0 to 128
09-16 15:32:32.534  1470  1510 I ActivityManager: Start proc 23922:com.facebook.system/u0a67 for content provider {com.facebook.system/com.facebook.oxygen.installer.api.AppManagerApiProvider}
09-16 15:32:32.535  1470  1510 I ActivityManager: ProcessObserver broadcast disabled
09-16 15:32:32.743  1470  4768 I ActivityManager: Changes in 10067 19 to 8, 0 to 128
09-16 15:32:33.120  1470  1493 I ActivityManager: Force stopping net.specta.app appid=10361 user=0: from pid 23974
09-16 15:32:33.132  1470  1493 I ActivityManager: Killing 22425:net.specta.app/u0a361 (adj 0): stop net.specta.app due to from pid 23974
09-16 15:32:33.281  1470  1493 I ActivityManager: Changes in 10310 15 to 2, 0 to 255
09-16 15:32:33.283  1470  1493 I ActivityManager: Changes in 10216 8 to 3, 128 to 184
09-16 15:32:33.369  1470  1493 I ActivityManager: Force stopping net.specta.app appid=10361 user=95: from pid 23974
09-16 15nges in 15010217 19 to 8, 0 to 128
09-16 15:32:29.878  1470  1510 I ActivityManager: Start proc 23547:com.samsung.android.game.gamehome:notification/u0a272 for service {com.samsung.android.game.gamehome/com.samsung.android.game.gamehome.receiver.NotificationListenerOverR}
09-16 15:32:29.878  1470  1510 I ActivityManager: ProcessObserver broadcast disabled
09-16 15:32:30.285  1470  2338 I ActivityManager: Changes in 10311 19 to 11, 0 to 128
09-16 15:32:30.349  1470  1510 I ActivityManager: Start proc 23623:com.samsung.android.dqagent/1000 for broadcast {com.samsung.android.dqagent/com.samsung.android.dqagent.receiver.DQADataReceiver}
09-16 15:32:30.350  1470  1510 I ActivityManager: ProcessObserver broadcast disabled
09-16 15:32:30.496  1470  2304 I ActivityManager: Changes in 10272 19 to 5, 0 to 184
09-16 15:32:30.631  1470  2346 I ActivityManager: Changes in 10068 19 to 10, 0 to 128
09-16 15:32:30.636  1470  1510 I ActivityManager: Start proc 23689:com.samsung.android.game.gamehome/u0a272 for content provider {com.samsung.android.game.gamehome/com.samsung.android.game.gamehome.provider.GameLauncherProvider}
09-16 15:32:30.636  1470  1510 I ActivityManager: ProcessObserver broadcast disabled
09-16 15:32:31.066  1470  2338 I ActivityManager: Changes in 10068 8 to 10, 128 to 0
09-16 15:32:31.122  1470  1509 I ActivityManager: Changes in 10260 19 to 11, 0 to 128
09-16 15:32:31.134  1470  1510 I ActivityManager: Start proc 23778:com.facebook.appmanager/u0a147 for content provider {com.facebook.appmanager/com.facebook.oxygen.appmanager.firstparty.settings.FirstPartySettingsProvider}
09-16 15:32:31.134  1470  1510 I ActivityManager: ProcessObserver broadcast disabled
09-16 15:32:31.160  1470  2294 I ActivityManager: Changes in 10260 11 to 19, 128 to 0
09-16 15:32:31.535  1470  1509 I ActivityManager: Changes in 10260 19 to 11, 0 to 128
09-16 15:32:31.579  1470  1510 W ActivityManager: Slow operation: 57ms so far, now at startProcess: returned from zygote!
09-16 15:32:31.608  1470  4801 I ActivityManager: Changes in 10260 11 to 19, 128 to 0
09-16 15:32:31.657  1470  1510 W ActivityManager: Slow operation: 135ms so far, now at startProcess: done updating battery stats
09-16 15:32:31.657  1470  1510 W ActivityManager: Slow operation: 135ms so far, now at startProcess: building log message
09-16 15:32:31.657  1470  1510 I ActivityManager: Start proc 23842:com.instagram.barcelona/u0a323 for broadcast {com.instagram.barcelona/com.instagram.push.FbnsInitBroadcastReceiver}
09-16 15:32:31.657  1470  1510 W ActivityManager: Slow operation: 135ms so far, now at startProcess: starting to update pids map
09-16 15:32:31.657  1470  1510 I ActivityManager: ProcessObserver broadcast disabled
09-16 15:32:31.657  1470  1510 W ActivityManager: Slow operation: 135ms so far, now at startProcess: done updating pids map
09-16 15:32:31.763  1470  2346 I ActivityManager: Changes in 15010217 8 to 10, 128 to 0
09-16 15:32:31.799  1470  2338 I ActivityManager: Changes in 10068 10 to 10, 0 to 128
09-16 15:32:31.813  1470  2346 I ActivityManager: Changes in 10068 10 to 10, 128 to 0
09-16 15:32:32.344  1470  4784 I ActivityManager: Changes in 10147 10 to 8, 0 to 128
09-16 15:32:32.534  1470  1510 I ActivityManager: Start proc 23922:com.facebook.system/u0a67 for content provider {com.facebook.system/com.facebook.oxygen.installer.api.AppManagerApiProvider}
09-16 15:32:32.535  1470  1510 I ActivityManager: ProcessObserver broadcast disabled
09-16 15:32:32.743  1470  4768 I ActivityManager: Changes in 10067 19 to 8, 0 to 128
09-16 15:32:33.120  1470  1493 I ActivityManager: Force stopping net.specta.app appid=10361 user=0: from pid 23974
09-16 15:32:33.132  1470  1493 I ActivityManager: Killing 22425:net.specta.app/u0a361 (adj 0): stop net.specta.app due to from pid 23974
09-16 15:32:33.281  1470  1493 I ActivityManager: Changes in 10310 15 to 2, 0 to 255
09-16 15:32:33.283  1470  1493 I ActivityManager: Changes in 10216 8 to 3, 128 to 184
09-16 15:32:33.369  1470  1493 I ActivityManager: Force stopping net.specta.app appid=10361 user=95: from pid 23974
09-16 15:32:33.375  1470  1493 W ActivityManager: Invalid packageName: net.specta.app
09-16 15:32:33.519  1470  1502 W ActivityManager: setHasOverlayUi called on unknown pid: 22425
09-16 15:32:33.544  1470  1509 I ActivityManager: Force stopping net.specta.app appid=10361 user=-1: deletePackageX
09-16 15:32:34.116  1470  4834 W ActivityManager: pid 1470 system sent binder code 7 with flags 1 to frozen apps and got error -32
09-16 15:32:34.341  1470  2304 I ActivityManager: Changes in 10323 19 to 11, 0 to 128
09-16 15:32:34.418  1470  1579 I ActivityManager: Force stopping net.specta.app appid=10361 user=95: pkg removed
09-16 15:32:34.441  1470  1579 I ActivityManager: Force stopping net.specta.app appid=10361 user=0: pkg removed
09-16 15:32:34.464  1470  1579 I ActivityManager: broadcastAllowList remove BroadcastFilter{fbfc4a8 10215/u0 ReceiverList{a0e74cb 23433 com.google.android.apps.messaging/10215/u0 remote:a15139a}}
09-16 15:32:34.464  1470  1579 I ActivityManager: broadcastAllowList remove BroadcastFilter{6978437 10215/u0 ReceiverList{a5c4d36 4435 com.google.android.apps.messaging:rcs/10215/u0 remote:dc8aed1}}
09-16 15:32:34.540  1470  1510 W ActivityManager: Slow operation: 61ms so far, now at startProcess: returned from zygote!
09-16 15:32:34.650  1470  1510 W ActivityManager: Slow operation: 171ms so far, now at startProcess: done updating battery stats
09-16 15:32:34.650  1470  1510 W ActivityManager: Slow operation: 171ms so far, now at startProcess: building log message
09-16 15:32:34.650  1470  1510 I ActivityManager: Start proc 24117:com.android.keychain/u95s1000 for service {com.android.keychain/com.android.keychain.KeyChainService}
09-16 15:32:34.651  1470  1510 W ActivityManager: Slow operation: 171ms so far, now at startProcess: starting to update pids map
09-16 15:32:34.651  1470  1510 I ActivityManager: ProcessObserver broadcast disabled
09-16 15:32:34.651  1470  1510 W ActivityManager: Slow operation: 171ms so far, now at startProcess: done updating pids map
09-16 15:32:34.657  1470  2304 W ActivityManager: Background start not allowed: service Intent { act=Orca.START xflg=0x4 cmp=com.instagram.barcelona/com.facebook.rti.pushv2.inapp.InappFbnsService (has extras) } to com.instagram.barcelona/com.facebook.rti.pushv2.inapp.InappFbnsService from pid=23842 uid=10323 pkg=com.instagram.barcelona startFg?=false
09-16 15:32:34.693  1470  1579 I ActivityManager: broadcastAllowList remove BroadcastFilter{fde3949 10147/u0 ReceiverList{17b4350 23778 com.facebook.appmanager/10147/u0 remote:db3a513}}
09-16 15:32:34.729  1470  1609 W ActivityManager: Background start not allowed: service Intent { act=Orca.START xflg=0x4 cmp=com.instagram.barcelona/com.facebook.rti.pushv2.inapp.InappFbnsService (has extras) } to com.instagram.barcelona/com.facebook.rti.pushv2.inapp.InappFbnsService from pid=23842 uid=10323 pkg=com.instagram.barcelona startFg?=false
09-16 15:32:34.790  1470  4812 I ActivityManager: Process com.samsung.android.app.routines (pid 23016) has died: cch+45 CEM (141,855)
09-16 15:32:34.819  1470  1494 I ActivityManager: Process com.samsung.android.scs (pid 23107) has died: cch+35 CEM (133,857)
09-16 15:32:34.930  1470  4815 I ActivityManager: Changes in 9501000 19 to 10, 0 to 128
09-16 15:32:35.217  1470  1510 W ActivityManager: Slow operation: 265ms so far, now at startProcess: returned from zygote!
09-16 15:32:35.259  1470  4813 I ActivityManager: Process com.samsung.android.fmm (pid 23249) has died: svcb SVC (120,875)
09-16 15:32:35.277  1470  4813 W ActivityManager: Scheduling restart of crashed service com.samsung.android.fmm/com.samsung.android.fme.offlinefinding.OfflineFindingService in 20000ms for start-requested
09-16 15:32:35.310  1470  1610 W ActivityManager: Slow operation: 358ms so far, now at startProcess: done updating battery stats
09-16 15:32:35.310  1470  1610 W ActivityManager: Slow operation: 359ms so far, now at startProcess: building log message
09-16 15:32:35.311  1470  1610 I ActivityManager: Start proc 24153:com.android.keychain/1000 for service {com.android.keychain/com.android.keychain.Ke:32:33.375  1470  1493 W ActivityManager: Invalid packageName: net.specta.app
09-16 15:32:33.519  1470  1502 W ActivityManager: setHasOverlayUi called on unknown pid: 22425
09-16 15:32:33.544  1470  1509 I ActivityManager: Force stopping net.specta.app appid=10361 user=-1: deletePackageX
09-16 15:32:34.116  1470  4834 W ActivityManager: pid 1470 system sent binder code 7 with flags 1 to frozen apps and got error -32
09-16 15:32:34.341  1470  2304 I ActivityManager: Changes in 10323 19 to 11, 0 to 128
09-16 15:32:34.418  1470  1579 I ActivityManager: Force stopping net.specta.app appid=10361 user=95: pkg removed
09-16 15:32:34.441  1470  1579 I ActivityManager: Force stopping net.specta.app appid=10361 user=0: pkg removed
09-16 15:32:34.464  1470  1579 I ActivityManager: broadcastAllowList remove BroadcastFilter{fbfc4a8 10215/u0 ReceiverList{a0e74cb 23433 com.google.android.apps.messaging/10215/u0 remote:a15139a}}
09-16 15:32:34.464  1470  1579 I ActivityManager: broadcastAllowList remove BroadcastFilter{6978437 10215/u0 ReceiverList{a5c4d36 4435 com.google.android.apps.messaging:rcs/10215/u0 remote:dc8aed1}}
09-16 15:32:34.540  1470  1510 W ActivityManager: Slow operation: 61ms so far, now at startProcess: returned from zygote!
09-16 15:32:34.650  1470  1510 W ActivityManager: Slow operation: 171ms so far, now at startProcess: done updating battery stats
09-16 15:32:34.650  1470  1510 W ActivityManager: Slow operation: 171ms so far, now at startProcess: building log message
09-16 15:32:34.650  1470  1510 I ActivityManager: Start proc 24117:com.android.keychain/u95s1000 for service {com.android.keychain/com.android.keychain.KeyChainService}
09-16 15:32:34.651  1470  1510 W ActivityManager: Slow operation: 171ms so far, now at startProcess: starting to update pids map
09-16 15:32:34.651  1470  1510 I ActivityManager: ProcessObserver broadcast disabled
09-16 15:32:34.651  1470  1510 W ActivityManager: Slow operation: 171ms so far, now at startProcess: done updating pids map
09-16 15:32:34.657  1470  2304 W ActivityManager: Background start not allowed: service Intent { act=Orca.START xflg=0x4 cmp=com.instagram.barcelona/com.facebook.rti.pushv2.inapp.InappFbnsService (has extras) } to com.instagram.barcelona/com.facebook.rti.pushv2.inapp.InappFbnsService from pid=23842 uid=10323 pkg=com.instagram.barcelona startFg?=false
09-16 15:32:34.693  1470  1579 I ActivityManager: broadcastAllowList remove BroadcastFilter{fde3949 10147/u0 ReceiverList{17b4350 23778 com.facebook.appmanager/10147/u0 remote:db3a513}}
09-16 15:32:34.729  1470  1609 W ActivityManager: Background start not allowed: service Intent { act=Orca.START xflg=0x4 cmp=com.instagram.barcelona/com.facebook.rti.pushv2.inapp.InappFbnsService (has extras) } to com.instagram.barcelona/com.facebook.rti.pushv2.inapp.InappFbnsService from pid=23842 uid=10323 pkg=com.instagram.barcelona startFg?=false
09-16 15:32:34.790  1470  4812 I ActivityManager: Process com.samsung.android.app.routines (pid 23016) has died: cch+45 CEM (141,855)
09-16 15:32:34.819  1470  1494 I ActivityManager: Process com.samsung.android.scs (pid 23107) has died: cch+35 CEM (133,857)
09-16 15:32:34.930  1470  4815 I ActivityManager: Changes in 9501000 19 to 10, 0 to 128
09-16 15:32:35.217  1470  1510 W ActivityManager: Slow operation: 265ms so far, now at startProcess: returned from zygote!
09-16 15:32:35.259  1470  4813 I ActivityManager: Process com.samsung.android.fmm (pid 23249) has died: svcb SVC (120,875)
09-16 15:32:35.277  1470  4813 W ActivityManager: Scheduling restart of crashed service com.samsung.android.fmm/com.samsung.android.fme.offlinefinding.OfflineFindingService in 20000ms for start-requested
09-16 15:32:35.310  1470  1610 W ActivityManager: Slow operation: 358ms so far, now at startProcess: done updating battery stats
09-16 15:32:35.310  1470  1610 W ActivityManager: Slow operation: 359ms so far, now at startProcess: building log message
09-16 15:32:35.311  1470  1610 I ActivityManager: Start proc 24153:com.android.keychain/1000 for service {com.android.keychain/com.android.keychain.KeyChainService}
09-16 15:32:35.311  1470  1610 W ActivityManager: Slow operation: 359ms so far, now at startProcess: starting to update pids map
09-16 15:32:35.312  1470  1610 I ActivityManager: ProcessObserver broadcast disabled
09-16 15:32:35.312  1470  1610 W ActivityManager: Slow operation: 361ms so far, now at startProcess: done updating pids map
09-16 15:32:35.371  1470  1610 W ActivityManager: Slow operation: 62ms so far, now at attachApplicationLocked: immediately after bindApplication
09-16 15:32:35.371  1470  1610 W ActivityManager: Slow operation: 62ms so far, now at attachApplicationLocked: after updateLruProcessLocked
09-16 15:32:35.373  1470  1610 W ActivityManager: Slow operation: 64ms so far, now at attachApplicationLocked: after updateOomAdjLocked
09-16 15:32:35.390  1470  1494 I ActivityManager: Process com.google.android.cellbroadcastreceiver (pid 23157) has died: cch+15 CEM (110,871)
09-16 15:32:35.897  1470  1493 I ActivityManager: Process com.google.android.apps.messaging (pid 23433) has died: cch+5 CEM (143,860)
09-16 15:32:35.922  1470  4814 I ActivityManager: Process com.samsung.android.dqagent (pid 23623) has died: cch+25 CEM (144,863)
09-16 15:32:35.929  1470  1609 I ActivityManager: Process com.samsung.sait.sohservice (pid 23454) has died: svcb SVC (144,864)
09-16 15:32:35.934  1470  1609 W ActivityManager: Scheduling restart of crashed service com.samsung.sait.sohservice/.service.BatteryService in 39343ms for start-requested
09-16 15:32:35.957  1470  2849 W ActivityManager: Slow operation: 457ms so far, now at finishAttachApplicationInner: after mServices.attachApplicationLocked
09-16 15:32:35.958  1470  2849 W ActivityManager: Slow operation: 457ms so far, now at finishAttachApplicationInner: after dispatching broadcasts
09-16 15:32:36.008  1470  1510 I ActivityManager: Start proc 24208:com.facebook.katana/u0a293 for content provider {com.facebook.katana/com.facebook.katana.liteprovider.usdid.UsdidValuesProvider}
09-16 15:32:36.010  1470  1510 I ActivityManager: ProcessObserver broadcast disabled
09-16 15:32:36.353  1470  4776 W ActivityManager: Slow operation: 255ms so far, now at attachApplicationLocked: after updateOomAdjLocked
09-16 15:32:36.440  1470 24210 I ActivityManager: Changes in 10072 10 to 5, 0 to 144
09-16 15:32:36.534  1470  1510 I ActivityManager: Start proc 24228:com.samsung.android.sm.devicesecurity/u0a184 for broadcast {com.samsung.android.sm.devicesecurity/com.samsung.android.sm.devicesecurity.PackageReceiver}
09-16 15:32:36.536  1470  1510 I ActivityManager: ProcessObserver broadcast disabled
09-16 15:32:36.603  1470  1510 I ActivityManager: Start proc 24229:com.google.android.permissioncontroller/u0a249 for service {com.google.android.permissioncontroller/com.android.permissioncontroller.permission.service.PermissionControllerServiceImpl}
09-16 15:32:36.603  1470  1510 I ActivityManager: ProcessObserver broadcast disabled
09-16 15:32:36.604  1470  2195 I ActivityManager: Changes in 10147 8 to 10, 128 to 0
09-16 15:32:36.609  1470  2195 I ActivityManager: Changes in 10067 8 to 10, 128 to 0
09-16 15:32:36.716  1470  2347 W ActivityManager: Slow operation: 53ms so far, now at attachApplicationLocked: immediately after bindApplication
09-16 15:32:36.716  1470  2347 W ActivityManager: Slow operation: 53ms so far, now at attachApplicationLocked: after updateLruProcessLocked
09-16 15:32:36.723  1470  2347 W ActivityManager: Slow operation: 61ms so far, now at attachApplicationLocked: after updateOomAdjLocked
09-16 15:32:36.724  1470  2338 I ActivityManager: Process com.android.keychain (pid 24117) has died: cch+5 CEM (95,896)
09-16 15:32:36.754  1470  4768 I ActivityManager: Process com.android.keychain (pid 24153) has died: cch+5 CEM (86,897)
09-16 15:32:36.943  1470 20375 W ActivityManager: pid 1470 system sent binder code 1 with flags 1 to frozen apps and got error -2147483646
09-16 15:32:37.017  1470 24269 W ActivityManager: pid 1470 system sent binder code 1 with flags 1 to frozen apps and got error -2147483646
09-16 15:32:37.203  1470  4776 I ActivityManager: Changes in 1yChainService}
09-16 15:32:35.311  1470  1610 W ActivityManager: Slow operation: 359ms so far, now at startProcess: starting to update pids map
09-16 15:32:35.312  1470  1610 I ActivityManager: ProcessObserver broadcast disabled
09-16 15:32:35.312  1470  1610 W ActivityManager: Slow operation: 361ms so far, now at startProcess: done updating pids map
09-16 15:32:35.371  1470  1610 W ActivityManager: Slow operation: 62ms so far, now at attachApplicationLocked: immediately after bindApplication
09-16 15:32:35.371  1470  1610 W ActivityManager: Slow operation: 62ms so far, now at attachApplicationLocked: after updateLruProcessLocked
09-16 15:32:35.373  1470  1610 W ActivityManager: Slow operation: 64ms so far, now at attachApplicationLocked: after updateOomAdjLocked
09-16 15:32:35.390  1470  1494 I ActivityManager: Process com.google.android.cellbroadcastreceiver (pid 23157) has died: cch+15 CEM (110,871)
09-16 15:32:35.897  1470  1493 I ActivityManager: Process com.google.android.apps.messaging (pid 23433) has died: cch+5 CEM (143,860)
09-16 15:32:35.922  1470  4814 I ActivityManager: Process com.samsung.android.dqagent (pid 23623) has died: cch+25 CEM (144,863)
09-16 15:32:35.929  1470  1609 I ActivityManager: Process com.samsung.sait.sohservice (pid 23454) has died: svcb SVC (144,864)
09-16 15:32:35.934  1470  1609 W ActivityManager: Scheduling restart of crashed service com.samsung.sait.sohservice/.service.BatteryService in 39343ms for start-requested
09-16 15:32:35.957  1470  2849 W ActivityManager: Slow operation: 457ms so far, now at finishAttachApplicationInner: after mServices.attachApplicationLocked
09-16 15:32:35.958  1470  2849 W ActivityManager: Slow operation: 457ms so far, now at finishAttachApplicationInner: after dispatching broadcasts
09-16 15:32:36.008  1470  1510 I ActivityManager: Start proc 24208:com.facebook.katana/u0a293 for content provider {com.facebook.katana/com.facebook.katana.liteprovider.usdid.UsdidValuesProvider}
09-16 15:32:36.010  1470  1510 I ActivityManager: ProcessObserver broadcast disabled
09-16 15:32:36.353  1470  4776 W ActivityManager: Slow operation: 255ms so far, now at attachApplicationLocked: after updateOomAdjLocked
09-16 15:32:36.440  1470 24210 I ActivityManager: Changes in 10072 10 to 5, 0 to 144
09-16 15:32:36.534  1470  1510 I ActivityManager: Start proc 24228:com.samsung.android.sm.devicesecurity/u0a184 for broadcast {com.samsung.android.sm.devicesecurity/com.samsung.android.sm.devicesecurity.PackageReceiver}
09-16 15:32:36.536  1470  1510 I ActivityManager: ProcessObserver broadcast disabled
09-16 15:32:36.603  1470  1510 I ActivityManager: Start proc 24229:com.google.android.permissioncontroller/u0a249 for service {com.google.android.permissioncontroller/com.android.permissioncontroller.permission.service.PermissionControllerServiceImpl}
09-16 15:32:36.603  1470  1510 I ActivityManager: ProcessObserver broadcast disabled
09-16 15:32:36.604  1470  2195 I ActivityManager: Changes in 10147 8 to 10, 128 to 0
09-16 15:32:36.609  1470  2195 I ActivityManager: Changes in 10067 8 to 10, 128 to 0
09-16 15:32:36.716  1470  2347 W ActivityManager: Slow operation: 53ms so far, now at attachApplicationLocked: immediately after bindApplication
09-16 15:32:36.716  1470  2347 W ActivityManager: Slow operation: 53ms so far, now at attachApplicationLocked: after updateLruProcessLocked
09-16 15:32:36.723  1470  2347 W ActivityManager: Slow operation: 61ms so far, now at attachApplicationLocked: after updateOomAdjLocked
09-16 15:32:36.724  1470  2338 I ActivityManager: Process com.android.keychain (pid 24117) has died: cch+5 CEM (95,896)
09-16 15:32:36.754  1470  4768 I ActivityManager: Process com.android.keychain (pid 24153) has died: cch+5 CEM (86,897)
09-16 15:32:36.943  1470 20375 W ActivityManager: pid 1470 system sent binder code 1 with flags 1 to frozen apps and got error -2147483646
09-16 15:32:37.017  1470 24269 W ActivityManager: pid 1470 system sent binder code 1 with flags 1 to frozen apps and got error -2147483646
09-16 15:32:37.203  1470  4776 I ActivityManager: Changes in 10293 19 to 11, 0 to 128
09-16 15:32:37.207  1470  4784 I ActivityManager: Changes in 10184 19 to 11, 0 to 128
09-16 15:32:37.227  1470  3325 I ActivityManager: Process com.samsung.android.da.daagent (pid 23459) has died: svcb SVC (41,924)
09-16 15:32:37.227  1470  3325 W ActivityManager: Scheduling restart of crashed service com.samsung.android.da.daagent/.service.DAWeekUsageService in 58048ms for start-requested
09-16 15:32:37.258  1470  4381 I ActivityManager: Process com.google.android.gms (pid 23332) has died: svc SVC (62,924)
09-16 15:32:37.264  1470  4381 W ActivityManager: Scheduling restart of crashed service com.google.android.gms/.chimera.PersistentIntentOperationService in 78012ms for start-requested
09-16 15:32:37.286  1470  1510 I ActivityManager: Start proc 24298:com.android.chrome/u95a222 for broadcast {com.android.chrome/org.chromium.chrome.browser.browserservices.InstalledWebappBroadcastReceiver}
09-16 15:32:37.286  1470  1510 I ActivityManager: ProcessObserver broadcast disabled
09-16 15:32:37.313  1470  2347 I ActivityManager: Process com.facebook.appmanager (pid 23778) has died: svc SVC (79,926)
09-16 15:32:37.407  1470  2347 I ActivityManager: Process com.facebook.services (pid 23468) has died: svc SVC (97,923)
09-16 15:32:37.408  1470  2347 W ActivityManager: Scheduling restart of crashed service com.facebook.services/com.facebook.oxygen.services.fbns.PreloadedFbnsService in 117868ms for start-requested
09-16 15:32:37.420  1470  4381 I ActivityManager: Process com.facebook.system (pid 23922) has died: cch+5 CEM (99,922)
09-16 15:32:37.662  1470  4381 I ActivityManager: Changes in 10249 19 to 6, 0 to 128
09-16 15:32:38.219  1470  4814 I ActivityManager: Process com.samsung.android.sm.devicesecurity (pid 24228) has died: cch+5 CEM (103,969)
09-16 15:32:38.670  1470  4801 I ActivityManager: Changes in 9510222 19 to 11, 0 to 128
09-16 15:32:38.682  1470  4381 I ActivityManager: Changes in 9510222 11 to 19, 128 to 0
09-16 15:32:38.690  1470  1510 I ActivityManager: Start proc 24410:system/u95s1000 for broadcast {com.android.server.telecom/com.android.server.telecom.components.AppUninstallBroadcastReceiver}
09-16 15:32:38.691  1470  1510 I ActivityManager: ProcessObserver broadcast disabled
09-16 15:32:38.894  1470  2346 I ActivityManager: Changes in 9501000 19 to 11, 0 to 128
09-16 15:32:38.915  1470  1510 I ActivityManager: Start proc 24426:com.google.android.gms/u95a217 for broadcast {com.google.android.gms/com.google.android.gms.chimera.GmsIntentOperationService$PersistentTrustedReceiver}
09-16 15:32:38.915  1470  1510 I ActivityManager: ProcessObserver broadcast disabled
09-16 15:32:39.360  1470  4801 I ActivityManager: Changes in 9510217 11 to 11, 0 to 128
09-16 15:32:39.378  1470  1510 I ActivityManager: Start proc 24460:com.android.chrome/u0a222 for broadcast {com.android.chrome/org.chromium.chrome.browser.browserservices.InstalledWebappBroadcastReceiver}
09-16 15:32:39.378  1470  1510 I ActivityManager: ProcessObserver broadcast disabled
09-16 15:32:39.447  1470  4381 I ActivityManager: Changes in 9510217 10 to 10, 128 to 0
09-16 15:32:39.799  1470  1509 I ActivityManager: Changes in 9510217 10 to 10, 0 to 128
09-16 15:32:39.826  1470  1510 I ActivityManager: Start proc 24492:com.google.android.apps.messaging/u0a215 for service {com.google.android.apps.messaging/com.google.android.apps.messaging.shared.datamodel.action.execution.ActionJobService}
09-16 15:32:39.826  1470  1510 I ActivityManager: ProcessObserver broadcast disabled
09-16 15:32:39.832  1470  4381 W ActivityManager: Unable to start service Intent { xflg=0x4 cmp=com.google.android.gms/rxg } U=95: not found
09-16 15:32:39.871  1470  2346 I ActivityManager: Changes in 9510217 10 to 10, 128 to 0
09-16 15:32:39.888  1470  1509 I ActivityManager: Changes in 9510217 10 to 10, 0 to 128
09-16 15:32:39.889  1470  4776 I ActivityManager: Changes in 9510217 10 to 10, 128 to 0
09-16 15:32:40.165  1470  4381 I ActivityManager: Process com.android.chrome (pid 24298) has died: cch+5 CEM (119,937)
09-16 15:32:40.315  1470  2346 I ActivityManager: Cha0293 19 to 11, 0 to 128
09-16 15:32:37.207  1470  4784 I ActivityManager: Changes in 10184 19 to 11, 0 to 128
09-16 15:32:37.227  1470  3325 I ActivityManager: Process com.samsung.android.da.daagent (pid 23459) has died: svcb SVC (41,924)
09-16 15:32:37.227  1470  3325 W ActivityManager: Scheduling restart of crashed service com.samsung.android.da.daagent/.service.DAWeekUsageService in 58048ms for start-requested
09-16 15:32:37.258  1470  4381 I ActivityManager: Process com.google.android.gms (pid 23332) has died: svc SVC (62,924)
09-16 15:32:37.264  1470  4381 W ActivityManager: Scheduling restart of crashed service com.google.android.gms/.chimera.PersistentIntentOperationService in 78012ms for start-requested
09-16 15:32:37.286  1470  1510 I ActivityManager: Start proc 24298:com.android.chrome/u95a222 for broadcast {com.android.chrome/org.chromium.chrome.browser.browserservices.InstalledWebappBroadcastReceiver}
09-16 15:32:37.286  1470  1510 I ActivityManager: ProcessObserver broadcast disabled
09-16 15:32:37.313  1470  2347 I ActivityManager: Process com.facebook.appmanager (pid 23778) has died: svc SVC (79,926)
09-16 15:32:37.407  1470  2347 I ActivityManager: Process com.facebook.services (pid 23468) has died: svc SVC (97,923)
09-16 15:32:37.408  1470  2347 W ActivityManager: Scheduling restart of crashed service com.facebook.services/com.facebook.oxygen.services.fbns.PreloadedFbnsService in 117868ms for start-requested
09-16 15:32:37.420  1470  4381 I ActivityManager: Process com.facebook.system (pid 23922) has died: cch+5 CEM (99,922)
09-16 15:32:37.662  1470  4381 I ActivityManager: Changes in 10249 19 to 6, 0 to 128
09-16 15:32:38.219  1470  4814 I ActivityManager: Process com.samsung.android.sm.devicesecurity (pid 24228) has died: cch+5 CEM (103,969)
09-16 15:32:38.670  1470  4801 I ActivityManager: Changes in 9510222 19 to 11, 0 to 128
09-16 15:32:38.682  1470  4381 I ActivityManager: Changes in 9510222 11 to 19, 128 to 0
09-16 15:32:38.690  1470  1510 I ActivityManager: Start proc 24410:system/u95s1000 for broadcast {com.android.server.telecom/com.android.server.telecom.components.AppUninstallBroadcastReceiver}
09-16 15:32:38.691  1470  1510 I ActivityManager: ProcessObserver broadcast disabled
09-16 15:32:38.894  1470  2346 I ActivityManager: Changes in 9501000 19 to 11, 0 to 128
09-16 15:32:38.915  1470  1510 I ActivityManager: Start proc 24426:com.google.android.gms/u95a217 for broadcast {com.google.android.gms/com.google.android.gms.chimera.GmsIntentOperationService$PersistentTrustedReceiver}
09-16 15:32:38.915  1470  1510 I ActivityManager: ProcessObserver broadcast disabled
09-16 15:32:39.360  1470  4801 I ActivityManager: Changes in 9510217 11 to 11, 0 to 128
09-16 15:32:39.378  1470  1510 I ActivityManager: Start proc 24460:com.android.chrome/u0a222 for broadcast {com.android.chrome/org.chromium.chrome.browser.browserservices.InstalledWebappBroadcastReceiver}
09-16 15:32:39.378  1470  1510 I ActivityManager: ProcessObserver broadcast disabled
09-16 15:32:39.447  1470  4381 I ActivityManager: Changes in 9510217 10 to 10, 128 to 0
09-16 15:32:39.799  1470  1509 I ActivityManager: Changes in 9510217 10 to 10, 0 to 128
09-16 15:32:39.826  1470  1510 I ActivityManager: Start proc 24492:com.google.android.apps.messaging/u0a215 for service {com.google.android.apps.messaging/com.google.android.apps.messaging.shared.datamodel.action.execution.ActionJobService}
09-16 15:32:39.826  1470  1510 I ActivityManager: ProcessObserver broadcast disabled
09-16 15:32:39.832  1470  4381 W ActivityManager: Unable to start service Intent { xflg=0x4 cmp=com.google.android.gms/rxg } U=95: not found
09-16 15:32:39.871  1470  2346 I ActivityManager: Changes in 9510217 10 to 10, 128 to 0
09-16 15:32:39.888  1470  1509 I ActivityManager: Changes in 9510217 10 to 10, 0 to 128
09-16 15:32:39.889  1470  4776 I ActivityManager: Changes in 9510217 10 to 10, 128 to 0
09-16 15:32:40.165  1470  4381 I ActivityManager: Process com.android.chrome (pid 24298) has died: cch+5 CEM (119,937)
09-16 15:32:40.315  1470  2346 I ActivityManager: Changes in 10222 19 to 11, 0 to 128
09-16 15:32:40.343  1470  1510 I ActivityManager: Start proc 24542:com.android.vending:background/u0a216 for broadcast {com.android.vending/com.google.android.finsky.packagemonitor.backgroundimpl.BackgroundPackageMonitorReceiverImpl$RegisteredReceiver}
09-16 15:32:40.344  1470  1510 I ActivityManager: ProcessObserver broadcast disabled
09-16 15:32:40.356  1470  4776 I ActivityManager: Changes in 10222 11 to 19, 128 to 0
09-16 15:32:40.448  1470  4381 I ActivityManager: Process system (pid 24410) has died: cch+5 CEM (92,954)
09-16 15:32:40.483  1470  4381 I ActivityManager: Process com.android.chrome (pid 24460) has died: cch+5 CEM (98,957)
09-16 15:32:40.541  1470  4816 I ActivityManager: Process com.google.android.gms (pid 24426) has died: svc SVC (116,964)
09-16 15:32:40.546  1470  4816 W ActivityManager: Scheduling restart of crashed service com.google.android.gms/.chimera.PersistentIntentOperationService in 134730ms for start-requested
09-16 15:32:40.546  1470  4816 W ActivityManager: Scheduling restart of crashed service com.google.android.gms/.chimera.GmsIntentOperationService in 154730ms for start-requested
09-16 15:32:41.300  1470  1510 I ActivityManager: Start proc 24586:com.aura.oobe.samsung.gl/u0a246 for broadcast {com.aura.oobe.samsung.gl/com.ironsource.aura.sdk.feature.delivery.TrackPackagesBroadcastReceiver}
09-16 15:32:41.301  1470  1510 I ActivityManager: ProcessObserver broadcast disabled
09-16 15:32:41.598  1470  1508 W ActivityManager: Rescheduling restart of crashed service com.samsung.android.fmm/com.samsung.android.fme.offlinefinding.OfflineFindingService in 3677ms for mem-pressure-event
09-16 15:32:41.599  1470  1508 W ActivityManager: Rescheduling restart of crashed service com.samsung.sait.sohservice/.service.BatteryService in 23677ms for mem-pressure-event
09-16 15:32:41.599  1470  1508 W ActivityManager: Rescheduling restart of crashed service com.samsung.android.da.daagent/.service.DAWeekUsageService in 43677ms for mem-pressure-event
09-16 15:32:41.599  1470  1508 W ActivityManager: Rescheduling restart of crashed service com.google.android.gms/.chimera.PersistentIntentOperationService in 63677ms for mem-pressure-event
09-16 15:32:41.599  1470  1508 W ActivityManager: Rescheduling restart of crashed service com.facebook.services/com.facebook.oxygen.services.fbns.PreloadedFbnsService in 83677ms for mem-pressure-event
09-16 15:32:41.599  1470  1508 W ActivityManager: Rescheduling restart of crashed service com.google.android.gms/.chimera.PersistentIntentOperationService in 103677ms for mem-pressure-event
09-16 15:32:41.599  1470  1508 W ActivityManager: Rescheduling restart of crashed service com.google.android.gms/.chimera.GmsIntentOperationService in 123677ms for mem-pressure-event
09-16 15:32:41.611  1470  1508 W ActivityManager: Rescheduling restart of crashed service com.samsung.android.fmm/com.samsung.android.fme.offlinefinding.OfflineFindingService in 13665ms for mem-pressure-event
09-16 15:32:41.611  1470  1508 W ActivityManager: Rescheduling restart of crashed service com.samsung.sait.sohservice/.service.BatteryService in 43665ms for mem-pressure-event
09-16 15:32:41.611  1470  1508 W ActivityManager: Rescheduling restart of crashed service com.samsung.android.da.daagent/.service.DAWeekUsageService in 73665ms for mem-pressure-event
09-16 15:32:41.611  1470  1508 W ActivityManager: Rescheduling restart of crashed service com.google.android.gms/.chimera.PersistentIntentOperationService in 103665ms for mem-pressure-event
09-16 15:32:41.611  1470  1508 W ActivityManager: Rescheduling restart of crashed service com.facebook.services/com.facebook.oxygen.services.fbns.PreloadedFbnsService in 133665ms for mem-pressure-event
09-16 15:32:41.611  1470  1508 W ActivityManager: Rescheduling restart of crashed service com.google.android.gms/.chimera.PersistentIntentOperationService in 163665ms for mem-pressure-event
09-16 15:32:41.611  1470  1508 W ActivityManager: Rescheduling restart of crashed service com.google.android.gms/.chimera.GmsIntentOperationService in 193nges in 10222 19 to 11, 0 to 128
09-16 15:32:40.343  1470  1510 I ActivityManager: Start proc 24542:com.android.vending:background/u0a216 for broadcast {com.android.vending/com.google.android.finsky.packagemonitor.backgroundimpl.BackgroundPackageMonitorReceiverImpl$RegisteredReceiver}
09-16 15:32:40.344  1470  1510 I ActivityManager: ProcessObserver broadcast disabled
09-16 15:32:40.356  1470  4776 I ActivityManager: Changes in 10222 11 to 19, 128 to 0
09-16 15:32:40.448  1470  4381 I ActivityManager: Process system (pid 24410) has died: cch+5 CEM (92,954)
09-16 15:32:40.483  1470  4381 I ActivityManager: Process com.android.chrome (pid 24460) has died: cch+5 CEM (98,957)
09-16 15:32:40.541  1470  4816 I ActivityManager: Process com.google.android.gms (pid 24426) has died: svc SVC (116,964)
09-16 15:32:40.546  1470  4816 W ActivityManager: Scheduling restart of crashed service com.google.android.gms/.chimera.PersistentIntentOperationService in 134730ms for start-requested
09-16 15:32:40.546  1470  4816 W ActivityManager: Scheduling restart of crashed service com.google.android.gms/.chimera.GmsIntentOperationService in 154730ms for start-requested
09-16 15:32:41.300  1470  1510 I ActivityManager: Start proc 24586:com.aura.oobe.samsung.gl/u0a246 for broadcast {com.aura.oobe.samsung.gl/com.ironsource.aura.sdk.feature.delivery.TrackPackagesBroadcastReceiver}
09-16 15:32:41.301  1470  1510 I ActivityManager: ProcessObserver broadcast disabled
09-16 15:32:41.598  1470  1508 W ActivityManager: Rescheduling restart of crashed service com.samsung.android.fmm/com.samsung.android.fme.offlinefinding.OfflineFindingService in 3677ms for mem-pressure-event
09-16 15:32:41.599  1470  1508 W ActivityManager: Rescheduling restart of crashed service com.samsung.sait.sohservice/.service.BatteryService in 23677ms for mem-pressure-event
09-16 15:32:41.599  1470  1508 W ActivityManager: Rescheduling restart of crashed service com.samsung.android.da.daagent/.service.DAWeekUsageService in 43677ms for mem-pressure-event
09-16 15:32:41.599  1470  1508 W ActivityManager: Rescheduling restart of crashed service com.google.android.gms/.chimera.PersistentIntentOperationService in 63677ms for mem-pressure-event
09-16 15:32:41.599  1470  1508 W ActivityManager: Rescheduling restart of crashed service com.facebook.services/com.facebook.oxygen.services.fbns.PreloadedFbnsService in 83677ms for mem-pressure-event
09-16 15:32:41.599  1470  1508 W ActivityManager: Rescheduling restart of crashed service com.google.android.gms/.chimera.PersistentIntentOperationService in 103677ms for mem-pressure-event
09-16 15:32:41.599  1470  1508 W ActivityManager: Rescheduling restart of crashed service com.google.android.gms/.chimera.GmsIntentOperationService in 123677ms for mem-pressure-event
09-16 15:32:41.611  1470  1508 W ActivityManager: Rescheduling restart of crashed service com.samsung.android.fmm/com.samsung.android.fme.offlinefinding.OfflineFindingService in 13665ms for mem-pressure-event
09-16 15:32:41.611  1470  1508 W ActivityManager: Rescheduling restart of crashed service com.samsung.sait.sohservice/.service.BatteryService in 43665ms for mem-pressure-event
09-16 15:32:41.611  1470  1508 W ActivityManager: Rescheduling restart of crashed service com.samsung.android.da.daagent/.service.DAWeekUsageService in 73665ms for mem-pressure-event
09-16 15:32:41.611  1470  1508 W ActivityManager: Rescheduling restart of crashed service com.google.android.gms/.chimera.PersistentIntentOperationService in 103665ms for mem-pressure-event
09-16 15:32:41.611  1470  1508 W ActivityManager: Rescheduling restart of crashed service com.facebook.services/com.facebook.oxygen.services.fbns.PreloadedFbnsService in 133665ms for mem-pressure-event
09-16 15:32:41.611  1470  1508 W ActivityManager: Rescheduling restart of crashed service com.google.android.gms/.chimera.PersistentIntentOperationService in 163665ms for mem-pressure-event
09-16 15:32:41.611  1470  1508 W ActivityManager: Rescheduling restart of crashed service com.google.android.gms/.chimera.GmsIntentOperationService in 193665ms for mem-pressure-event
09-16 15:32:41.634  1470  1510 I ActivityManager: Start proc 24616:com.android.keychain/1000 for service {com.android.keychain/com.android.keychain.KeyChainService}
09-16 15:32:41.634  1470  1510 I ActivityManager: ProcessObserver broadcast disabled
09-16 15:32:41.795  1470  2368 I ActivityManager: Process com.google.android.apps.messaging (pid 24492) has died: cch+5 CEM (143,992)
09-16 15:32:41.806  1470  1508 W ActivityManager: Rescheduling restart of crashed service com.samsung.android.fmm/com.samsung.android.fme.offlinefinding.OfflineFindingService in 23470ms for mem-pressure-event
09-16 15:32:41.806  1470  1508 W ActivityManager: Rescheduling restart of crashed service com.samsung.sait.sohservice/.service.BatteryService in 63470ms for mem-pressure-event
09-16 15:32:41.806  1470  1508 W ActivityManager: Rescheduling restart of crashed service com.samsung.android.da.daagent/.service.DAWeekUsageService in 103470ms for mem-pressure-event
09-16 15:32:41.806  1470  1508 W ActivityManager: Rescheduling restart of crashed service com.google.android.gms/.chimera.PersistentIntentOperationService in 143470ms for mem-pressure-event
09-16 15:32:41.806  1470  1508 W ActivityManager: Rescheduling restart of crashed service com.facebook.services/com.facebook.oxygen.services.fbns.PreloadedFbnsService in 183470ms for mem-pressure-event
09-16 15:32:41.806  1470  1508 W ActivityManager: Rescheduling restart of crashed service com.google.android.gms/.chimera.PersistentIntentOperationService in 223470ms for mem-pressure-event
09-16 15:32:41.806  1470  1508 W ActivityManager: Rescheduling restart of crashed service com.google.android.gms/.chimera.GmsIntentOperationService in 263470ms for mem-pressure-event
09-16 15:32:41.815  1470  1508 W ActivityManager: Rescheduling restart of crashed service com.samsung.android.fmm/com.samsung.android.fme.offlinefinding.OfflineFindingService in 3461ms for mem-pressure-event
09-16 15:32:41.815  1470  1508 W ActivityManager: Rescheduling restart of crashed service com.samsung.sait.sohservice/.service.BatteryService in 23461ms for mem-pressure-event
09-16 15:32:41.815  1470  1508 W ActivityManager: Rescheduling restart of crashed service com.samsung.android.da.daagent/.service.DAWeekUsageService in 43461ms for mem-pressure-event
09-16 15:32:41.815  1470  1508 W ActivityManager: Rescheduling restart of crashed service com.google.android.gms/.chimera.PersistentIntentOperationService in 63461ms for mem-pressure-event
09-16 15:32:41.815  1470  1508 W ActivityManager: Rescheduling restart of crashed service com.facebook.services/com.facebook.oxygen.services.fbns.PreloadedFbnsService in 83461ms for mem-pressure-event
09-16 15:32:41.815  1470  1508 W ActivityManager: Rescheduling restart of crashed service com.google.android.gms/.chimera.PersistentIntentOperationService in 103461ms for mem-pressure-event
09-16 15:32:41.815  1470  1508 W ActivityManager: Rescheduling restart of crashed service com.google.android.gms/.chimera.GmsIntentOperationService in 123461ms for mem-pressure-event
09-16 15:32:41.975  1470  1508 W ActivityManager: Rescheduling restart of crashed service com.samsung.android.fmm/com.samsung.android.fme.offlinefinding.OfflineFindingService in 23301ms for mem-pressure-event
09-16 15:32:41.975  1470  1508 W ActivityManager: Rescheduling restart of crashed service com.samsung.sait.sohservice/.service.BatteryService in 63301ms for mem-pressure-event
09-16 15:32:41.975  1470  1508 W ActivityManager: Rescheduling restart of crashed service com.samsung.android.da.daagent/.service.DAWeekUsageService in 103301ms for mem-pressure-event
09-16 15:32:41.975  1470  1508 W ActivityManager: Rescheduling restart of crashed service com.google.android.gms/.chimera.PersistentIntentOperationService in 143301ms for mem-pressure-event
09-16 15:32:41.975  1470  1508 W ActivityManager: Rescheduling restart of crashed service com.facebook.services/com.facebook.oxygen.services.fbns.PreloadedFbnsService in 183301ms for mem-pressure-event
09-16 15:32:41.975  1470  1508 W ActivityManager: Reschedu665ms for mem-pressure-event
09-16 15:32:41.634  1470  1510 I ActivityManager: Start proc 24616:com.android.keychain/1000 for service {com.android.keychain/com.android.keychain.KeyChainService}
09-16 15:32:41.634  1470  1510 I ActivityManager: ProcessObserver broadcast disabled
09-16 15:32:41.795  1470  2368 I ActivityManager: Process com.google.android.apps.messaging (pid 24492) has died: cch+5 CEM (143,992)
09-16 15:32:41.806  1470  1508 W ActivityManager: Rescheduling restart of crashed service com.samsung.android.fmm/com.samsung.android.fme.offlinefinding.OfflineFindingService in 23470ms for mem-pressure-event
09-16 15:32:41.806  1470  1508 W ActivityManager: Rescheduling restart of crashed service com.samsung.sait.sohservice/.service.BatteryService in 63470ms for mem-pressure-event
09-16 15:32:41.806  1470  1508 W ActivityManager: Rescheduling restart of crashed service com.samsung.android.da.daagent/.service.DAWeekUsageService in 103470ms for mem-pressure-event
09-16 15:32:41.806  1470  1508 W ActivityManager: Rescheduling restart of crashed service com.google.android.gms/.chimera.PersistentIntentOperationService in 143470ms for mem-pressure-event
09-16 15:32:41.806  1470  1508 W ActivityManager: Rescheduling restart of crashed service com.facebook.services/com.facebook.oxygen.services.fbns.PreloadedFbnsService in 183470ms for mem-pressure-event
09-16 15:32:41.806  1470  1508 W ActivityManager: Rescheduling restart of crashed service com.google.android.gms/.chimera.PersistentIntentOperationService in 223470ms for mem-pressure-event
09-16 15:32:41.806  1470  1508 W ActivityManager: Rescheduling restart of crashed service com.google.android.gms/.chimera.GmsIntentOperationService in 263470ms for mem-pressure-event
09-16 15:32:41.815  1470  1508 W ActivityManager: Rescheduling restart of crashed service com.samsung.android.fmm/com.samsung.android.fme.offlinefinding.OfflineFindingService in 3461ms for mem-pressure-event
09-16 15:32:41.815  1470  1508 W ActivityManager: Rescheduling restart of crashed service com.samsung.sait.sohservice/.service.BatteryService in 23461ms for mem-pressure-event
09-16 15:32:41.815  1470  1508 W ActivityManager: Rescheduling restart of crashed service com.samsung.android.da.daagent/.service.DAWeekUsageService in 43461ms for mem-pressure-event
09-16 15:32:41.815  1470  1508 W ActivityManager: Rescheduling restart of crashed service com.google.android.gms/.chimera.PersistentIntentOperationService in 63461ms for mem-pressure-event
09-16 15:32:41.815  1470  1508 W ActivityManager: Rescheduling restart of crashed service com.facebook.services/com.facebook.oxygen.services.fbns.PreloadedFbnsService in 83461ms for mem-pressure-event
09-16 15:32:41.815  1470  1508 W ActivityManager: Rescheduling restart of crashed service com.google.android.gms/.chimera.PersistentIntentOperationService in 103461ms for mem-pressure-event
09-16 15:32:41.815  1470  1508 W ActivityManager: Rescheduling restart of crashed service com.google.android.gms/.chimera.GmsIntentOperationService in 123461ms for mem-pressure-event
09-16 15:32:41.975  1470  1508 W ActivityManager: Rescheduling restart of crashed service com.samsung.android.fmm/com.samsung.android.fme.offlinefinding.OfflineFindingService in 23301ms for mem-pressure-event
09-16 15:32:41.975  1470  1508 W ActivityManager: Rescheduling restart of crashed service com.samsung.sait.sohservice/.service.BatteryService in 63301ms for mem-pressure-event
09-16 15:32:41.975  1470  1508 W ActivityManager: Rescheduling restart of crashed service com.samsung.android.da.daagent/.service.DAWeekUsageService in 103301ms for mem-pressure-event
09-16 15:32:41.975  1470  1508 W ActivityManager: Rescheduling restart of crashed service com.google.android.gms/.chimera.PersistentIntentOperationService in 143301ms for mem-pressure-event
09-16 15:32:41.975  1470  1508 W ActivityManager: Rescheduling restart of crashed service com.facebook.services/com.facebook.oxygen.services.fbns.PreloadedFbnsService in 183301ms for mem-pressure-event
09-16 15:32:41.975  1470  1508 W ActivityManager: Rescheduling restart of crashed service com.google.android.gms/.chimera.PersistentIntentOperationService in 223301ms for mem-pressure-event
09-16 15:32:41.975  1470  1508 W ActivityManager: Rescheduling restart of crashed service com.google.android.gms/.chimera.GmsIntentOperationService in 263301ms for mem-pressure-event
09-16 15:32:41.977  1470  1508 W ActivityManager: Rescheduling restart of crashed service com.samsung.android.fmm/com.samsung.android.fme.offlinefinding.OfflineFindingService in 3299ms for mem-pressure-event
09-16 15:32:41.977  1470  1508 W ActivityManager: Rescheduling restart of crashed service com.samsung.sait.sohservice/.service.BatteryService in 23299ms for mem-pressure-event
09-16 15:32:41.977  1470  1508 W ActivityManager: Rescheduling restart of crashed service com.samsung.android.da.daagent/.service.DAWeekUsageService in 43299ms for mem-pressure-event
09-16 15:32:41.977  1470  1508 W ActivityManager: Rescheduling restart of crashed service com.google.android.gms/.chimera.PersistentIntentOperationService in 63299ms for mem-pressure-event
09-16 15:32:41.977  1470  1508 W ActivityManager: Rescheduling restart of crashed service com.facebook.services/com.facebook.oxygen.services.fbns.PreloadedFbnsService in 83299ms for mem-pressure-event
09-16 15:32:41.977  1470  1508 W ActivityManager: Rescheduling restart of crashed service com.google.android.gms/.chimera.PersistentIntentOperationService in 103299ms for mem-pressure-event
09-16 15:32:41.977  1470  1508 W ActivityManager: Rescheduling restart of crashed service com.google.android.gms/.chimera.GmsIntentOperationService in 123299ms for mem-pressure-event
09-16 15:32:41.977  1470  1508 W ActivityManager: Rescheduling restart of crashed service com.samsung.android.fmm/com.samsung.android.fme.offlinefinding.OfflineFindingService in 23298ms for mem-pressure-event
09-16 15:32:41.977  1470  1508 W ActivityManager: Rescheduling restart of crashed service com.samsung.sait.sohservice/.service.BatteryService in 63298ms for mem-pressure-event
09-16 15:32:41.978  1470  1508 W ActivityManager: Rescheduling restart of crashed service com.samsung.android.da.daagent/.service.DAWeekUsageService in 103298ms for mem-pressure-event
09-16 15:32:41.978  1470  1508 W ActivityManager: Rescheduling restart of crashed service com.google.android.gms/.chimera.PersistentIntentOperationService in 143298ms for mem-pressure-event
09-16 15:32:41.978  1470  1508 W ActivityManager: Rescheduling restart of crashed service com.facebook.services/com.facebook.oxygen.services.fbns.PreloadedFbnsService in 183298ms for mem-pressure-event
09-16 15:32:41.978  1470  1508 W ActivityManager: Rescheduling restart of crashed service com.google.android.gms/.chimera.PersistentIntentOperationService in 223298ms for mem-pressure-event
09-16 15:32:41.978  1470  1508 W ActivityManager: Rescheduling restart of crashed service com.google.android.gms/.chimera.GmsIntentOperationService in 263298ms for mem-pressure-event
09-16 15:32:41.984  1470  1508 W ActivityManager: Rescheduling restart of crashed service com.samsung.android.fmm/com.samsung.android.fme.offlinefinding.OfflineFindingService in 3291ms for mem-pressure-event
09-16 15:32:41.984  1470  1508 W ActivityManager: Rescheduling restart of crashed service com.samsung.sait.sohservice/.service.BatteryService in 23291ms for mem-pressure-event
09-16 15:32:41.984  1470  1508 W ActivityManager: Rescheduling restart of crashed service com.samsung.android.da.daagent/.service.DAWeekUsageService in 43291ms for mem-pressure-event
09-16 15:32:41.984  1470  1508 W ActivityManager: Rescheduling restart of crashed service com.google.android.gms/.chimera.PersistentIntentOperationService in 63291ms for mem-pressure-event
09-16 15:32:41.985  1470  1508 W ActivityManager: Rescheduling restart of crashed service com.facebook.services/com.facebook.oxygen.services.fbns.PreloadedFbnsService in 83291ms for mem-pressure-event
09-16 15:32:41.985  1470  1508 W ActivityManager: Rescheduling restart of crashed service com.google.android.gms/.chimera.PersistentIntentOperationService in 10ling restart of crashed service com.google.android.gms/.chimera.PersistentIntentOperationService in 223301ms for mem-pressure-event
09-16 15:32:41.975  1470  1508 W ActivityManager: Rescheduling restart of crashed service com.google.android.gms/.chimera.GmsIntentOperationService in 263301ms for mem-pressure-event
09-16 15:32:41.977  1470  1508 W ActivityManager: Rescheduling restart of crashed service com.samsung.android.fmm/com.samsung.android.fme.offlinefinding.OfflineFindingService in 3299ms for mem-pressure-event
09-16 15:32:41.977  1470  1508 W ActivityManager: Rescheduling restart of crashed service com.samsung.sait.sohservice/.service.BatteryService in 23299ms for mem-pressure-event
09-16 15:32:41.977  1470  1508 W ActivityManager: Rescheduling restart of crashed service com.samsung.android.da.daagent/.service.DAWeekUsageService in 43299ms for mem-pressure-event
09-16 15:32:41.977  1470  1508 W ActivityManager: Rescheduling restart of crashed service com.google.android.gms/.chimera.PersistentIntentOperationService in 63299ms for mem-pressure-event
09-16 15:32:41.977  1470  1508 W ActivityManager: Rescheduling restart of crashed service com.facebook.services/com.facebook.oxygen.services.fbns.PreloadedFbnsService in 83299ms for mem-pressure-event
09-16 15:32:41.977  1470  1508 W ActivityManager: Rescheduling restart of crashed service com.google.android.gms/.chimera.PersistentIntentOperationService in 103299ms for mem-pressure-event
09-16 15:32:41.977  1470  1508 W ActivityManager: Rescheduling restart of crashed service com.google.android.gms/.chimera.GmsIntentOperationService in 123299ms for mem-pressure-event
09-16 15:32:41.977  1470  1508 W ActivityManager: Rescheduling restart of crashed service com.samsung.android.fmm/com.samsung.android.fme.offlinefinding.OfflineFindingService in 23298ms for mem-pressure-event
09-16 15:32:41.977  1470  1508 W ActivityManager: Rescheduling restart of crashed service com.samsung.sait.sohservice/.service.BatteryService in 63298ms for mem-pressure-event
09-16 15:32:41.978  1470  1508 W ActivityManager: Rescheduling restart of crashed service com.samsung.android.da.daagent/.service.DAWeekUsageService in 103298ms for mem-pressure-event
09-16 15:32:41.978  1470  1508 W ActivityManager: Rescheduling restart of crashed service com.google.android.gms/.chimera.PersistentIntentOperationService in 143298ms for mem-pressure-event
09-16 15:32:41.978  1470  1508 W ActivityManager: Rescheduling restart of crashed service com.facebook.services/com.facebook.oxygen.services.fbns.PreloadedFbnsService in 183298ms for mem-pressure-event
09-16 15:32:41.978  1470  1508 W ActivityManager: Rescheduling restart of crashed service com.google.android.gms/.chimera.PersistentIntentOperationService in 223298ms for mem-pressure-event
09-16 15:32:41.978  1470  1508 W ActivityManager: Rescheduling restart of crashed service com.google.android.gms/.chimera.GmsIntentOperationService in 263298ms for mem-pressure-event
09-16 15:32:41.984  1470  1508 W ActivityManager: Rescheduling restart of crashed service com.samsung.android.fmm/com.samsung.android.fme.offlinefinding.OfflineFindingService in 3291ms for mem-pressure-event
09-16 15:32:41.984  1470  1508 W ActivityManager: Rescheduling restart of crashed service com.samsung.sait.sohservice/.service.BatteryService in 23291ms for mem-pressure-event
09-16 15:32:41.984  1470  1508 W ActivityManager: Rescheduling restart of crashed service com.samsung.android.da.daagent/.service.DAWeekUsageService in 43291ms for mem-pressure-event
09-16 15:32:41.984  1470  1508 W ActivityManager: Rescheduling restart of crashed service com.google.android.gms/.chimera.PersistentIntentOperationService in 63291ms for mem-pressure-event
09-16 15:32:41.985  1470  1508 W ActivityManager: Rescheduling restart of crashed service com.facebook.services/com.facebook.oxygen.services.fbns.PreloadedFbnsService in 83291ms for mem-pressure-event
09-16 15:32:41.985  1470  1508 W ActivityManager: Rescheduling restart of crashed service com.google.android.gms/.chimera.PersistentIntentOperationService in 103291ms for mem-pressure-event
09-16 15:32:41.985  1470  1508 W ActivityManager: Rescheduling restart of crashed service com.google.android.gms/.chimera.GmsIntentOperationService in 123291ms for mem-pressure-event
09-16 15:32:41.987  1470  1508 W ActivityManager: Rescheduling restart of crashed service com.samsung.android.fmm/com.samsung.android.fme.offlinefinding.OfflineFindingService in 23288ms for mem-pressure-event
09-16 15:32:41.988  1470  1508 W ActivityManager: Rescheduling restart of crashed service com.samsung.sait.sohservice/.service.BatteryService in 63288ms for mem-pressure-event
09-16 15:32:41.988  1470  1508 W ActivityManager: Rescheduling restart of crashed service com.samsung.android.da.daagent/.service.DAWeekUsageService in 103288ms for mem-pressure-event
09-16 15:32:41.988  1470  1508 W ActivityManager: Rescheduling restart of crashed service com.google.android.gms/.chimera.PersistentIntentOperationService in 143288ms for mem-pressure-event
09-16 15:32:41.988  1470  1508 W ActivityManager: Rescheduling restart of crashed service com.facebook.services/com.facebook.oxygen.services.fbns.PreloadedFbnsService in 183288ms for mem-pressure-event
09-16 15:32:41.988  1470  1508 W ActivityManager: Rescheduling restart of crashed service com.google.android.gms/.chimera.PersistentIntentOperationService in 223288ms for mem-pressure-event
09-16 15:32:41.988  1470  1508 W ActivityManager: Rescheduling restart of crashed service com.google.android.gms/.chimera.GmsIntentOperationService in 263288ms for mem-pressure-event
09-16 15:32:41.991  1470  1508 W ActivityManager: Rescheduling restart of crashed service com.samsung.android.fmm/com.samsung.android.fme.offlinefinding.OfflineFindingService in 13285ms for mem-pressure-event
09-16 15:32:41.991  1470  1508 W ActivityManager: Rescheduling restart of crashed service com.samsung.sait.sohservice/.service.BatteryService in 43285ms for mem-pressure-event
09-16 15:32:41.991  1470  1508 W ActivityManager: Rescheduling restart of crashed service com.samsung.android.da.daagent/.service.DAWeekUsageService in 73285ms for mem-pressure-event
09-16 15:32:41.991  1470  1508 W ActivityManager: Rescheduling restart of crashed service com.google.android.gms/.chimera.PersistentIntentOperationService in 103285ms for mem-pressure-event
09-16 15:32:41.991  1470  1508 W ActivityManager: Rescheduling restart of crashed service com.facebook.services/com.facebook.oxygen.services.fbns.PreloadedFbnsService in 133285ms for mem-pressure-event
09-16 15:32:41.991  1470  1508 W ActivityManager: Rescheduling restart of crashed service com.google.android.gms/.chimera.PersistentIntentOperationService in 163285ms for mem-pressure-event
09-16 15:32:41.991  1470  1508 W ActivityManager: Rescheduling restart of crashed service com.google.android.gms/.chimera.GmsIntentOperationService in 193285ms for mem-pressure-event
09-16 15:32:41.992  1470  1508 W ActivityManager: Rescheduling restart of crashed service com.samsung.android.fmm/com.samsung.android.fme.offlinefinding.OfflineFindingService in 23284ms for mem-pressure-event
09-16 15:32:41.992  1470  1508 W ActivityManager: Rescheduling restart of crashed service com.samsung.sait.sohservice/.service.BatteryService in 63284ms for mem-pressure-event
09-16 15:32:41.992  1470  1508 W ActivityManager: Rescheduling restart of crashed service com.samsung.android.da.daagent/.service.DAWeekUsageService in 103284ms for mem-pressure-event
09-16 15:32:41.992  1470  1508 W ActivityManager: Rescheduling restart of crashed service com.google.android.gms/.chimera.PersistentIntentOperationService in 143284ms for mem-pressure-event
09-16 15:32:41.992  1470  1508 W ActivityManager: Rescheduling restart of crashed service com.facebook.services/com.facebook.oxygen.services.fbns.PreloadedFbnsService in 183284ms for mem-pressure-event
09-16 15:32:41.992  1470  1508 W ActivityManager: Rescheduling restart of crashed service com.google.android.gms/.chimera.PersistentIntentOperationService in 223284ms for mem-pressure-event
09-16 15:32:41.992  1470  1508 W ActivityManager: Rescheduling re3291ms for mem-pressure-event
09-16 15:32:41.985  1470  1508 W ActivityManager: Rescheduling restart of crashed service com.google.android.gms/.chimera.GmsIntentOperationService in 123291ms for mem-pressure-event
09-16 15:32:41.987  1470  1508 W ActivityManager: Rescheduling restart of crashed service com.samsung.android.fmm/com.samsung.android.fme.offlinefinding.OfflineFindingService in 23288ms for mem-pressure-event
09-16 15:32:41.988  1470  1508 W ActivityManager: Rescheduling restart of crashed service com.samsung.sait.sohservice/.service.BatteryService in 63288ms for mem-pressure-event
09-16 15:32:41.988  1470  1508 W ActivityManager: Rescheduling restart of crashed service com.samsung.android.da.daagent/.service.DAWeekUsageService in 103288ms for mem-pressure-event
09-16 15:32:41.988  1470  1508 W ActivityManager: Rescheduling restart of crashed service com.google.android.gms/.chimera.PersistentIntentOperationService in 143288ms for mem-pressure-event
09-16 15:32:41.988  1470  1508 W ActivityManager: Rescheduling restart of crashed service com.facebook.services/com.facebook.oxygen.services.fbns.PreloadedFbnsService in 183288ms for mem-pressure-event
09-16 15:32:41.988  1470  1508 W ActivityManager: Rescheduling restart of crashed service com.google.android.gms/.chimera.PersistentIntentOperationService in 223288ms for mem-pressure-event
09-16 15:32:41.988  1470  1508 W ActivityManager: Rescheduling restart of crashed service com.google.android.gms/.chimera.GmsIntentOperationService in 263288ms for mem-pressure-event
09-16 15:32:41.991  1470  1508 W ActivityManager: Rescheduling restart of crashed service com.samsung.android.fmm/com.samsung.android.fme.offlinefinding.OfflineFindingService in 13285ms for mem-pressure-event
09-16 15:32:41.991  1470  1508 W ActivityManager: Rescheduling restart of crashed service com.samsung.sait.sohservice/.service.BatteryService in 43285ms for mem-pressure-event
09-16 15:32:41.991  1470  1508 W ActivityManager: Rescheduling restart of crashed service com.samsung.android.da.daagent/.service.DAWeekUsageService in 73285ms for mem-pressure-event
09-16 15:32:41.991  1470  1508 W ActivityManager: Rescheduling restart of crashed service com.google.android.gms/.chimera.PersistentIntentOperationService in 103285ms for mem-pressure-event
09-16 15:32:41.991  1470  1508 W ActivityManager: Rescheduling restart of crashed service com.facebook.services/com.facebook.oxygen.services.fbns.PreloadedFbnsService in 133285ms for mem-pressure-event
09-16 15:32:41.991  1470  1508 W ActivityManager: Rescheduling restart of crashed service com.google.android.gms/.chimera.PersistentIntentOperationService in 163285ms for mem-pressure-event
09-16 15:32:41.991  1470  1508 W ActivityManager: Rescheduling restart of crashed service com.google.android.gms/.chimera.GmsIntentOperationService in 193285ms for mem-pressure-event
09-16 15:32:41.992  1470  1508 W ActivityManager: Rescheduling restart of crashed service com.samsung.android.fmm/com.samsung.android.fme.offlinefinding.OfflineFindingService in 23284ms for mem-pressure-event
09-16 15:32:41.992  1470  1508 W ActivityManager: Rescheduling restart of crashed service com.samsung.sait.sohservice/.service.BatteryService in 63284ms for mem-pressure-event
09-16 15:32:41.992  1470  1508 W ActivityManager: Rescheduling restart of crashed service com.samsung.android.da.daagent/.service.DAWeekUsageService in 103284ms for mem-pressure-event
09-16 15:32:41.992  1470  1508 W ActivityManager: Rescheduling restart of crashed service com.google.android.gms/.chimera.PersistentIntentOperationService in 143284ms for mem-pressure-event
09-16 15:32:41.992  1470  1508 W ActivityManager: Rescheduling restart of crashed service com.facebook.services/com.facebook.oxygen.services.fbns.PreloadedFbnsService in 183284ms for mem-pressure-event
09-16 15:32:41.992  1470  1508 W ActivityManager: Rescheduling restart of crashed service com.google.android.gms/.chimera.PersistentIntentOperationService in 223284ms for mem-pressure-event
09-16 15:32:41.992  1470  1508 W ActivityManager: Rescheduling restart of crashed service com.google.android.gms/.chimera.GmsIntentOperationService in 263284ms for mem-pressure-event
09-16 15:32:41.992  1470  1508 W ActivityManager: Rescheduling restart of crashed service com.samsung.android.fmm/com.samsung.android.fme.offlinefinding.OfflineFindingService in 3284ms for mem-pressure-event
09-16 15:32:41.992  1470  1508 W ActivityManager: Rescheduling restart of crashed service com.samsung.sait.sohservice/.service.BatteryService in 23284ms for mem-pressure-event
09-16 15:32:41.992  1470  1508 W ActivityManager: Rescheduling restart of crashed service com.samsung.android.da.daagent/.service.DAWeekUsageService in 43284ms for mem-pressure-event
09-16 15:32:41.992  1470  1508 W ActivityManager: Rescheduling restart of crashed service com.google.android.gms/.chimera.PersistentIntentOperationService in 63284ms for mem-pressure-event
09-16 15:32:41.992  1470  1508 W ActivityManager: Rescheduling restart of crashed service com.facebook.services/com.facebook.oxygen.services.fbns.PreloadedFbnsService in 83284ms for mem-pressure-event
09-16 15:32:41.992  1470  1508 W ActivityManager: Rescheduling restart of crashed service com.google.android.gms/.chimera.PersistentIntentOperationService in 103284ms for mem-pressure-event
09-16 15:32:41.992  1470  1508 W ActivityManager: Rescheduling restart of crashed service com.google.android.gms/.chimera.GmsIntentOperationService in 123284ms for mem-pressure-event
09-16 15:32:41.993  1470  1508 W ActivityManager: Rescheduling restart of crashed service com.samsung.android.fmm/com.samsung.android.fme.offlinefinding.OfflineFindingService in 23283ms for mem-pressure-event
09-16 15:32:41.993  1470  1508 W ActivityManager: Rescheduling restart of crashed service com.samsung.sait.sohservice/.service.BatteryService in 63283ms for mem-pressure-event
09-16 15:32:41.993  1470  1508 W ActivityManager: Rescheduling restart of crashed service com.samsung.android.da.daagent/.service.DAWeekUsageService in 103283ms for mem-pressure-event
09-16 15:32:41.993  1470  1508 W ActivityManager: Rescheduling restart of crashed service com.google.android.gms/.chimera.PersistentIntentOperationService in 143283ms for mem-pressure-event
09-16 15:32:41.993  1470  1508 W ActivityManager: Rescheduling restart of crashed service com.facebook.services/com.facebook.oxygen.services.fbns.PreloadedFbnsService in 183283ms for mem-pressure-event
09-16 15:32:41.993  1470  1508 W ActivityManager: Rescheduling restart of crashed service com.google.android.gms/.chimera.PersistentIntentOperationService in 223283ms for mem-pressure-event
09-16 15:32:41.993  1470  1508 W ActivityManager: Rescheduling restart of crashed service com.google.android.gms/.chimera.GmsIntentOperationService in 263283ms for mem-pressure-event
09-16 15:32:41.994  1470  1508 W ActivityManager: Rescheduling restart of crashed service com.samsung.android.fmm/com.samsung.android.fme.offlinefinding.OfflineFindingService in 3282ms for mem-pressure-event
09-16 15:32:41.994  1470  1508 W ActivityManager: Rescheduling restart of crashed service com.samsung.sait.sohservice/.service.BatteryService in 23282ms for mem-pressure-event
09-16 15:32:41.994  1470  1508 W ActivityManager: Rescheduling restart of crashed service com.samsung.android.da.daagent/.service.DAWeekUsageService in 43282ms for mem-pressure-event
09-16 15:32:41.994  1470  1508 W ActivityManager: Rescheduling restart of crashed service com.google.android.gms/.chimera.PersistentIntentOperationService in 63282ms for mem-pressure-event
09-16 15:32:41.994  1470  1508 W ActivityManager: Rescheduling restart of crashed service com.facebook.services/com.facebook.oxygen.services.fbns.PreloadedFbnsService in 83282ms for mem-pressure-event
09-16 15:32:41.994  1470  1508 W ActivityManager: Rescheduling restart of crashed service com.google.android.gms/.chimera.PersistentIntentOperationService in 103282ms for mem-pressure-event
09-16 15:32:41.994  1470  1508 W ActivityManager: Rescheduling restart of crashed service com.google.android.gms/.chimera.GmsIntentOperationService in 123282ms for memstart of crashed service com.google.android.gms/.chimera.GmsIntentOperationService in 263284ms for mem-pressure-event
09-16 15:32:41.992  1470  1508 W ActivityManager: Rescheduling restart of crashed service com.samsung.android.fmm/com.samsung.android.fme.offlinefinding.OfflineFindingService in 3284ms for mem-pressure-event
09-16 15:32:41.992  1470  1508 W ActivityManager: Rescheduling restart of crashed service com.samsung.sait.sohservice/.service.BatteryService in 23284ms for mem-pressure-event
09-16 15:32:41.992  1470  1508 W ActivityManager: Rescheduling restart of crashed service com.samsung.android.da.daagent/.service.DAWeekUsageService in 43284ms for mem-pressure-event
09-16 15:32:41.992  1470  1508 W ActivityManager: Rescheduling restart of crashed service com.google.android.gms/.chimera.PersistentIntentOperationService in 63284ms for mem-pressure-event
09-16 15:32:41.992  1470  1508 W ActivityManager: Rescheduling restart of crashed service com.facebook.services/com.facebook.oxygen.services.fbns.PreloadedFbnsService in 83284ms for mem-pressure-event
09-16 15:32:41.992  1470  1508 W ActivityManager: Rescheduling restart of crashed service com.google.android.gms/.chimera.PersistentIntentOperationService in 103284ms for mem-pressure-event
09-16 15:32:41.992  1470  1508 W ActivityManager: Rescheduling restart of crashed service com.google.android.gms/.chimera.GmsIntentOperationService in 123284ms for mem-pressure-event
09-16 15:32:41.993  1470  1508 W ActivityManager: Rescheduling restart of crashed service com.samsung.android.fmm/com.samsung.android.fme.offlinefinding.OfflineFindingService in 23283ms for mem-pressure-event
09-16 15:32:41.993  1470  1508 W ActivityManager: Rescheduling restart of crashed service com.samsung.sait.sohservice/.service.BatteryService in 63283ms for mem-pressure-event
09-16 15:32:41.993  1470  1508 W ActivityManager: Rescheduling restart of crashed service com.samsung.android.da.daagent/.service.DAWeekUsageService in 103283ms for mem-pressure-event
09-16 15:32:41.993  1470  1508 W ActivityManager: Rescheduling restart of crashed service com.google.android.gms/.chimera.PersistentIntentOperationService in 143283ms for mem-pressure-event
09-16 15:32:41.993  1470  1508 W ActivityManager: Rescheduling restart of crashed service com.facebook.services/com.facebook.oxygen.services.fbns.PreloadedFbnsService in 183283ms for mem-pressure-event
09-16 15:32:41.993  1470  1508 W ActivityManager: Rescheduling restart of crashed service com.google.android.gms/.chimera.PersistentIntentOperationService in 223283ms for mem-pressure-event
09-16 15:32:41.993  1470  1508 W ActivityManager: Rescheduling restart of crashed service com.google.android.gms/.chimera.GmsIntentOperationService in 263283ms for mem-pressure-event
09-16 15:32:41.994  1470  1508 W ActivityManager: Rescheduling restart of crashed service com.samsung.android.fmm/com.samsung.android.fme.offlinefinding.OfflineFindingService in 3282ms for mem-pressure-event
09-16 15:32:41.994  1470  1508 W ActivityManager: Rescheduling restart of crashed service com.samsung.sait.sohservice/.service.BatteryService in 23282ms for mem-pressure-event
09-16 15:32:41.994  1470  1508 W ActivityManager: Rescheduling restart of crashed service com.samsung.android.da.daagent/.service.DAWeekUsageService in 43282ms for mem-pressure-event
09-16 15:32:41.994  1470  1508 W ActivityManager: Rescheduling restart of crashed service com.google.android.gms/.chimera.PersistentIntentOperationService in 63282ms for mem-pressure-event
09-16 15:32:41.994  1470  1508 W ActivityManager: Rescheduling restart of crashed service com.facebook.services/com.facebook.oxygen.services.fbns.PreloadedFbnsService in 83282ms for mem-pressure-event
09-16 15:32:41.994  1470  1508 W ActivityManager: Rescheduling restart of crashed service com.google.android.gms/.chimera.PersistentIntentOperationService in 103282ms for mem-pressure-event
09-16 15:32:41.994  1470  1508 W ActivityManager: Rescheduling restart of crashed service com.google.android.gms/.chimera.GmsIntentOperationService in 123282ms for mem-pressure-event
09-16 15:32:42.063  1470  1508 W ActivityManager: Rescheduling restart of crashed service com.samsung.android.fmm/com.samsung.android.fme.offlinefinding.OfflineFindingService in 23213ms for mem-pressure-event
09-16 15:32:42.063  1470  1508 W ActivityManager: Rescheduling restart of crashed service com.samsung.sait.sohservice/.service.BatteryService in 63213ms for mem-pressure-event
09-16 15:32:42.063  1470  1508 W ActivityManager: Rescheduling restart of crashed service com.samsung.android.da.daagent/.service.DAWeekUsageService in 103213ms for mem-pressure-event
09-16 15:32:42.063  1470  1508 W ActivityManager: Rescheduling restart of crashed service com.google.android.gms/.chimera.PersistentIntentOperationService in 143213ms for mem-pressure-event
09-16 15:32:42.063  1470  1508 W ActivityManager: Rescheduling restart of crashed service com.facebook.services/com.facebook.oxygen.services.fbns.PreloadedFbnsService in 183213ms for mem-pressure-event
09-16 15:32:42.063  1470  1508 W ActivityManager: Rescheduling restart of crashed service com.google.android.gms/.chimera.PersistentIntentOperationService in 223213ms for mem-pressure-event
09-16 15:32:42.063  1470  1508 W ActivityManager: Rescheduling restart of crashed service com.google.android.gms/.chimera.GmsIntentOperationService in 263213ms for mem-pressure-event
09-16 15:32:42.552  1470  1508 I ActivityManager: Changes in 10072 5 to 10, 144 to 0
09-16 15:32:42.553  1470  1508 W ActivityManager: Rescheduling restart of crashed service com.samsung.android.fmm/com.samsung.android.fme.offlinefinding.OfflineFindingService in 12723ms for mem-pressure-event
09-16 15:32:42.553  1470  1508 W ActivityManager: Rescheduling restart of crashed service com.samsung.sait.sohservice/.service.BatteryService in 42723ms for mem-pressure-event
09-16 15:32:42.553  1470  1508 W ActivityManager: Rescheduling restart of crashed service com.samsung.android.da.daagent/.service.DAWeekUsageService in 72723ms for mem-pressure-event
09-16 15:32:42.553  1470  1508 W ActivityManager: Rescheduling restart of crashed service com.google.android.gms/.chimera.PersistentIntentOperationService in 102723ms for mem-pressure-event
09-16 15:32:42.553  1470  1508 W ActivityManager: Rescheduling restart of crashed service com.facebook.services/com.facebook.oxygen.services.fbns.PreloadedFbnsService in 132723ms for mem-pressure-event
09-16 15:32:42.553  1470  1508 W ActivityManager: Rescheduling restart of crashed service com.google.android.gms/.chimera.PersistentIntentOperationService in 162723ms for mem-pressure-event
09-16 15:32:42.553  1470  1508 W ActivityManager: Rescheduling restart of crashed service com.google.android.gms/.chimera.GmsIntentOperationService in 192723ms for mem-pressure-event
09-16 15:32:42.830  1470  2294 I ActivityManager: Changes in 10246 11 to 11, 0 to 128
09-16 15:32:42.849  1470  1510 I ActivityManager: Start proc 24707:com.google.android.apps.carrier.carrierwifi/u0a207 for broadcast {com.google.android.apps.carrier.carrierwifi/com.google.android.apps.carrier.carrierwifi.CarrierWifiReceiver}
09-16 15:32:42.849  1470  1510 I ActivityManager: ProcessObserver broadcast disabled
09-16 15:32:42.859  1470  2294 I ActivityManager: Changes in 10246 11 to 19, 128 to 0
09-16 15:32:43.063  1470  4801 I ActivityManager: Changes in 10207 19 to 11, 0 to 128
09-16 15:32:43.082  1470  1510 I ActivityManager: Start proc 24725:com.google.android.documentsui/u0a60 for broadcast {com.google.android.documentsui/com.android.documentsui.PackageReceiver}
09-16 15:32:43.083  1470  1510 I ActivityManager: ProcessObserver broadcast disabled
09-16 15:32:43.147  1470  4801 I ActivityManager: Changes in 10207 11 to 19, 128 to 0
09-16 15:32:43.255  1470  4801 I ActivityManager: Changes in 10207 19 to 8, 0 to 128
09-16 15:32:43.403  1470  2368 I ActivityManager: Changes in 10207 8 to 10, 128 to 0
09-16 15:32:43.407  1470  1510 I ActivityManager: Start proc 24767:com.facebook.appmanager/u0a147 for content provider {com.facebook.appmanager/com.facebook.oxygen.appmanager.firstparty.crashreporter.FirstPartyC-pressure-event
09-16 15:32:42.063  1470  1508 W ActivityManager: Rescheduling restart of crashed service com.samsung.android.fmm/com.samsung.android.fme.offlinefinding.OfflineFindingService in 23213ms for mem-pressure-event
09-16 15:32:42.063  1470  1508 W ActivityManager: Rescheduling restart of crashed service com.samsung.sait.sohservice/.service.BatteryService in 63213ms for mem-pressure-event
09-16 15:32:42.063  1470  1508 W ActivityManager: Rescheduling restart of crashed service com.samsung.android.da.daagent/.service.DAWeekUsageService in 103213ms for mem-pressure-event
09-16 15:32:42.063  1470  1508 W ActivityManager: Rescheduling restart of crashed service com.google.android.gms/.chimera.PersistentIntentOperationService in 143213ms for mem-pressure-event
09-16 15:32:42.063  1470  1508 W ActivityManager: Rescheduling restart of crashed service com.facebook.services/com.facebook.oxygen.services.fbns.PreloadedFbnsService in 183213ms for mem-pressure-event
09-16 15:32:42.063  1470  1508 W ActivityManager: Rescheduling restart of crashed service com.google.android.gms/.chimera.PersistentIntentOperationService in 223213ms for mem-pressure-event
09-16 15:32:42.063  1470  1508 W ActivityManager: Rescheduling restart of crashed service com.google.android.gms/.chimera.GmsIntentOperationService in 263213ms for mem-pressure-event
09-16 15:32:42.552  1470  1508 I ActivityManager: Changes in 10072 5 to 10, 144 to 0
09-16 15:32:42.553  1470  1508 W ActivityManager: Rescheduling restart of crashed service com.samsung.android.fmm/com.samsung.android.fme.offlinefinding.OfflineFindingService in 12723ms for mem-pressure-event
09-16 15:32:42.553  1470  1508 W ActivityManager: Rescheduling restart of crashed service com.samsung.sait.sohservice/.service.BatteryService in 42723ms for mem-pressure-event
09-16 15:32:42.553  1470  1508 W ActivityManager: Rescheduling restart of crashed service com.samsung.android.da.daagent/.service.DAWeekUsageService in 72723ms for mem-pressure-event
09-16 15:32:42.553  1470  1508 W ActivityManager: Rescheduling restart of crashed service com.google.android.gms/.chimera.PersistentIntentOperationService in 102723ms for mem-pressure-event
09-16 15:32:42.553  1470  1508 W ActivityManager: Rescheduling restart of crashed service com.facebook.services/com.facebook.oxygen.services.fbns.PreloadedFbnsService in 132723ms for mem-pressure-event
09-16 15:32:42.553  1470  1508 W ActivityManager: Rescheduling restart of crashed service com.google.android.gms/.chimera.PersistentIntentOperationService in 162723ms for mem-pressure-event
09-16 15:32:42.553  1470  1508 W ActivityManager: Rescheduling restart of crashed service com.google.android.gms/.chimera.GmsIntentOperationService in 192723ms for mem-pressure-event
09-16 15:32:42.830  1470  2294 I ActivityManager: Changes in 10246 11 to 11, 0 to 128
09-16 15:32:42.849  1470  1510 I ActivityManager: Start proc 24707:com.google.android.apps.carrier.carrierwifi/u0a207 for broadcast {com.google.android.apps.carrier.carrierwifi/com.google.android.apps.carrier.carrierwifi.CarrierWifiReceiver}
09-16 15:32:42.849  1470  1510 I ActivityManager: ProcessObserver broadcast disabled
09-16 15:32:42.859  1470  2294 I ActivityManager: Changes in 10246 11 to 19, 128 to 0
09-16 15:32:43.063  1470  4801 I ActivityManager: Changes in 10207 19 to 11, 0 to 128
09-16 15:32:43.082  1470  1510 I ActivityManager: Start proc 24725:com.google.android.documentsui/u0a60 for broadcast {com.google.android.documentsui/com.android.documentsui.PackageReceiver}
09-16 15:32:43.083  1470  1510 I ActivityManager: ProcessObserver broadcast disabled
09-16 15:32:43.147  1470  4801 I ActivityManager: Changes in 10207 11 to 19, 128 to 0
09-16 15:32:43.255  1470  4801 I ActivityManager: Changes in 10207 19 to 8, 0 to 128
09-16 15:32:43.403  1470  2368 I ActivityManager: Changes in 10207 8 to 10, 128 to 0
09-16 15:32:43.407  1470  1510 I ActivityManager: Start proc 24767:com.facebook.appmanager/u0a147 for content provider {com.facebook.appmanager/com.facebook.oxygen.appmanager.firstparty.crashreporter.FirstPartyCrashReporterProvider}
09-16 15:32:43.407  1470  1510 I ActivityManager: ProcessObserver broadcast disabled
09-16 15:32:43.433  1470  4801 I ActivityManager: Changes in 10060 19 to 11, 0 to 128
09-16 15:32:43.459  1470  1510 I ActivityManager: Start proc 24780:com.google.android.rkpdapp/u0a252 for broadcast {com.google.android.rkpdapp/com.android.rkpdapp.PackageRemovalReceiver}
09-16 15:32:43.459  1470  1510 I ActivityManager: ProcessObserver broadcast disabled
09-16 15:32:43.460  1470  2346 I ActivityManager: Changes in 10060 11 to 19, 128 to 0
09-16 15:32:43.502  1470  1508 W ActivityManager: Rescheduling restart of crashed service com.samsung.android.fmm/com.samsung.android.fme.offlinefinding.OfflineFindingService in 1774ms for mem-pressure-event
09-16 15:32:43.502  1470  1508 W ActivityManager: Rescheduling restart of crashed service com.samsung.sait.sohservice/.service.BatteryService in 21774ms for mem-pressure-event
09-16 15:32:43.502  1470  1508 W ActivityManager: Rescheduling restart of crashed service com.samsung.android.da.daagent/.service.DAWeekUsageService in 41774ms for mem-pressure-event
09-16 15:32:43.502  1470  1508 W ActivityManager: Rescheduling restart of crashed service com.google.android.gms/.chimera.PersistentIntentOperationService in 61774ms for mem-pressure-event
09-16 15:32:43.502  1470  1508 W ActivityManager: Rescheduling restart of crashed service com.facebook.services/com.facebook.oxygen.services.fbns.PreloadedFbnsService in 81774ms for mem-pressure-event
09-16 15:32:43.502  1470  1508 W ActivityManager: Rescheduling restart of crashed service com.google.android.gms/.chimera.PersistentIntentOperationService in 101774ms for mem-pressure-event
09-16 15:32:43.502  1470  1508 W ActivityManager: Rescheduling restart of crashed service com.google.android.gms/.chimera.GmsIntentOperationService in 121774ms for mem-pressure-event
09-16 15:32:43.542  1470  1510 I ActivityManager: Start proc 24794:com.google.android.apps.docs/u0a296 for content provider {com.google.android.apps.docs/com.google.android.apps.docs.common.storagebackend.provider.StorageBackendContentProvider}
09-16 15:32:43.543  1470  1510 I ActivityManager: ProcessObserver broadcast disabled
09-16 15:32:43.605  1470  4784 I ActivityManager: Changes in 10252 19 to 11, 0 to 128
09-16 15:32:43.612  1470  4784 I ActivityManager: Changes in 10252 11 to 19, 128 to 0
09-16 15:32:43.625  1470  1510 I ActivityManager: Start proc 24811:com.samsung.android.forest/1000 for broadcast {com.samsung.android.forest/com.samsung.android.forest.receiver.PkgEventReceiver}
09-16 15:32:43.625  1470  1510 I ActivityManager: ProcessObserver broadcast disabled
09-16 15:32:43.866  1470  2294 I ActivityManager: Changes in 10323 11 to 19, 128 to 0
09-16 15:32:43.867  1470  4784 I ActivityManager: Changes in 10147 19 to 11, 0 to 128
09-16 15:32:43.881  1470  1509 I ActivityManager: Changes in 10323 19 to 11, 0 to 128
09-16 15:32:43.882  1470  2209 I ActivityManager: Process com.android.vending:background (pid 24542) has died: cch+15 CEM (140,983)
09-16 15:32:43.890  1470  2347 W ActivityManager: Background start not allowed: service Intent { act=Orca.START xflg=0x4 cmp=com.instagram.barcelona/com.facebook.rti.pushv2.inapp.InappFbnsService (has extras) } to com.instagram.barcelona/com.facebook.rti.pushv2.inapp.InappFbnsService from pid=23842 uid=10323 pkg=com.instagram.barcelona startFg?=false
09-16 15:32:43.984  1470  1510 I ActivityManager: Start proc 24849:com.facebook.system/u0a67 for content provider {com.facebook.system/com.facebook.oxygen.installer.api.AppManagerApiProvider}
09-16 15:32:43.984  1470  1510 I ActivityManager: ProcessObserver broadcast disabled
09-16 15:32:43.999  1470  1508 I ActivityManager: Changes in 10293 11 to 15, 128 to 0
09-16 15:32:43.999  1470  1508 I ActivityManager: Changes in 10147 11 to 15, 128 to 0
09-16 15:32:44.000  1470  1508 W ActivityManager: Rescheduling restart of crashed service com.samsung.android.fmm/com.samsung.android.fme.offlinefinding.OfflineFindingService in 21276ms for mem-pressure-event
09-16 15:32:44.000  1470  1508 WrashReporterProvider}
09-16 15:32:43.407  1470  1510 I ActivityManager: ProcessObserver broadcast disabled
09-16 15:32:43.433  1470  4801 I ActivityManager: Changes in 10060 19 to 11, 0 to 128
09-16 15:32:43.459  1470  1510 I ActivityManager: Start proc 24780:com.google.android.rkpdapp/u0a252 for broadcast {com.google.android.rkpdapp/com.android.rkpdapp.PackageRemovalReceiver}
09-16 15:32:43.459  1470  1510 I ActivityManager: ProcessObserver broadcast disabled
09-16 15:32:43.460  1470  2346 I ActivityManager: Changes in 10060 11 to 19, 128 to 0
09-16 15:32:43.502  1470  1508 W ActivityManager: Rescheduling restart of crashed service com.samsung.android.fmm/com.samsung.android.fme.offlinefinding.OfflineFindingService in 1774ms for mem-pressure-event
09-16 15:32:43.502  1470  1508 W ActivityManager: Rescheduling restart of crashed service com.samsung.sait.sohservice/.service.BatteryService in 21774ms for mem-pressure-event
09-16 15:32:43.502  1470  1508 W ActivityManager: Rescheduling restart of crashed service com.samsung.android.da.daagent/.service.DAWeekUsageService in 41774ms for mem-pressure-event
09-16 15:32:43.502  1470  1508 W ActivityManager: Rescheduling restart of crashed service com.google.android.gms/.chimera.PersistentIntentOperationService in 61774ms for mem-pressure-event
09-16 15:32:43.502  1470  1508 W ActivityManager: Rescheduling restart of crashed service com.facebook.services/com.facebook.oxygen.services.fbns.PreloadedFbnsService in 81774ms for mem-pressure-event
09-16 15:32:43.502  1470  1508 W ActivityManager: Rescheduling restart of crashed service com.google.android.gms/.chimera.PersistentIntentOperationService in 101774ms for mem-pressure-event
09-16 15:32:43.502  1470  1508 W ActivityManager: Rescheduling restart of crashed service com.google.android.gms/.chimera.GmsIntentOperationService in 121774ms for mem-pressure-event
09-16 15:32:43.542  1470  1510 I ActivityManager: Start proc 24794:com.google.android.apps.docs/u0a296 for content provider {com.google.android.apps.docs/com.google.android.apps.docs.common.storagebackend.provider.StorageBackendContentProvider}
09-16 15:32:43.543  1470  1510 I ActivityManager: ProcessObserver broadcast disabled
09-16 15:32:43.605  1470  4784 I ActivityManager: Changes in 10252 19 to 11, 0 to 128
09-16 15:32:43.612  1470  4784 I ActivityManager: Changes in 10252 11 to 19, 128 to 0
09-16 15:32:43.625  1470  1510 I ActivityManager: Start proc 24811:com.samsung.android.forest/1000 for broadcast {com.samsung.android.forest/com.samsung.android.forest.receiver.PkgEventReceiver}
09-16 15:32:43.625  1470  1510 I ActivityManager: ProcessObserver broadcast disabled
09-16 15:32:43.866  1470  2294 I ActivityManager: Changes in 10323 11 to 19, 128 to 0
09-16 15:32:43.867  1470  4784 I ActivityManager: Changes in 10147 19 to 11, 0 to 128
09-16 15:32:43.881  1470  1509 I ActivityManager: Changes in 10323 19 to 11, 0 to 128
09-16 15:32:43.882  1470  2209 I ActivityManager: Process com.android.vending:background (pid 24542) has died: cch+15 CEM (140,983)
09-16 15:32:43.890  1470  2347 W ActivityManager: Background start not allowed: service Intent { act=Orca.START xflg=0x4 cmp=com.instagram.barcelona/com.facebook.rti.pushv2.inapp.InappFbnsService (has extras) } to com.instagram.barcelona/com.facebook.rti.pushv2.inapp.InappFbnsService from pid=23842 uid=10323 pkg=com.instagram.barcelona startFg?=false
09-16 15:32:43.984  1470  1510 I ActivityManager: Start proc 24849:com.facebook.system/u0a67 for content provider {com.facebook.system/com.facebook.oxygen.installer.api.AppManagerApiProvider}
09-16 15:32:43.984  1470  1510 I ActivityManager: ProcessObserver broadcast disabled
09-16 15:32:43.999  1470  1508 I ActivityManager: Changes in 10293 11 to 15, 128 to 0
09-16 15:32:43.999  1470  1508 I ActivityManager: Changes in 10147 11 to 15, 128 to 0
09-16 15:32:44.000  1470  1508 W ActivityManager: Rescheduling restart of crashed service com.samsung.android.fmm/com.samsung.android.fme.offlinefinding.OfflineFindingService in 21276ms for mem-pressure-event
09-16 15:32:44.000  1470  1508 W ActivityManager: Rescheduling restart of crashed service com.samsung.sait.sohservice/.service.BatteryService in 61276ms for mem-pressure-event
09-16 15:32:44.003  1470  1508 W ActivityManager: Rescheduling restart of crashed service com.samsung.android.da.daagent/.service.DAWeekUsageService in 101276ms for mem-pressure-event
09-16 15:32:44.003  1470  1508 W ActivityManager: Rescheduling restart of crashed service com.google.android.gms/.chimera.PersistentIntentOperationService in 141276ms for mem-pressure-event
09-16 15:32:44.004  1470  1508 W ActivityManager: Rescheduling restart of crashed service com.facebook.services/com.facebook.oxygen.services.fbns.PreloadedFbnsService in 181276ms for mem-pressure-event
09-16 15:32:44.004  1470  1508 W ActivityManager: Rescheduling restart of crashed service com.google.android.gms/.chimera.PersistentIntentOperationService in 221276ms for mem-pressure-event
09-16 15:32:44.004  1470  1508 W ActivityManager: Rescheduling restart of crashed service com.google.android.gms/.chimera.GmsIntentOperationService in 261276ms for mem-pressure-event
09-16 15:32:44.285  1470  1510 I ActivityManager: Start proc 24896:com.samsung.android.mapsagent/u0a150 for broadcast {com.samsung.android.mapsagent/com.samsung.android.mapsagent.receiver.PackageDeletedReceiver}
09-16 15:32:44.285  1470  1510 I ActivityManager: ProcessObserver broadcast disabled
09-16 15:32:44.441  1470  2195 I ActivityManager: Process com.android.keychain (pid 24616) has died: cch+5 CEM (93,1011)
09-16 15:32:44.505  1470  4808 I ActivityManager: Process com.aura.oobe.samsung.gl (pid 24586) has died: cch+5 CEM (126,1014)
09-16 15:32:44.548  1470  4801 I ActivityManager: Changes in 10150 19 to 11, 0 to 128
09-16 15:32:44.574  1470  4813 I ActivityManager: Changes in 10150 11 to 19, 128 to 0
09-16 15:32:44.581  1470  1510 I ActivityManager: Start proc 24957:com.brave.browser/u0a355 for broadcast {com.brave.browser/org.chromium.chrome.browser.browserservices.InstalledWebappBroadcastReceiver}
09-16 15:32:44.581  1470  1510 I ActivityManager: ProcessObserver broadcast disabled
09-16 15:32:44.617  1470  1508 W ActivityManager: Rescheduling restart of crashed service com.samsung.android.fmm/com.samsung.android.fme.offlinefinding.OfflineFindingService in 658ms for mem-pressure-event
09-16 15:32:44.619  1470  1508 W ActivityManager: Rescheduling restart of crashed service com.samsung.sait.sohservice/.service.BatteryService in 20658ms for mem-pressure-event
09-16 15:32:44.620  1470  1508 W ActivityManager: Rescheduling restart of crashed service com.samsung.android.da.daagent/.service.DAWeekUsageService in 40658ms for mem-pressure-event
09-16 15:32:44.620  1470  1508 W ActivityManager: Rescheduling restart of crashed service com.google.android.gms/.chimera.PersistentIntentOperationService in 60658ms for mem-pressure-event
09-16 15:32:44.620  1470  1508 W ActivityManager: Rescheduling restart of crashed service com.facebook.services/com.facebook.oxygen.services.fbns.PreloadedFbnsService in 80658ms for mem-pressure-event
09-16 15:32:44.620  1470  1508 W ActivityManager: Rescheduling restart of crashed service com.google.android.gms/.chimera.PersistentIntentOperationService in 100658ms for mem-pressure-event
09-16 15:32:44.620  1470  1508 W ActivityManager: Rescheduling restart of crashed service com.google.android.gms/.chimera.GmsIntentOperationService in 120658ms for mem-pressure-event
09-16 15:32:44.684  1470  1510 I ActivityManager: Start proc 25006:com.samsung.android.privacydashboard/u0a87 for content provider {com.samsung.android.privacydashboard/com.samsung.android.privacydashboard.provider.PermissionAccessInformationContentProvider}
09-16 15:32:44.684  1470  1510 I ActivityManager: ProcessObserver broadcast disabled
09-16 15:32:45.202  1470  1579 I ActivityManager: broadcastAllowList remove BroadcastFilter{ee0cf45 10147/u0 ReceiverList{84ac3bc 24767 com.facebook.appmanager/10147/u0 remote:e8073af}}
09-16 15:32:45.346  1470  1510 I ActivityManager: Start proc 25032:com.samsung.android.fmm/1000 for service {com.samsung.android.fmm/com.sam ActivityManager: Rescheduling restart of crashed service com.samsung.sait.sohservice/.service.BatteryService in 61276ms for mem-pressure-event
09-16 15:32:44.003  1470  1508 W ActivityManager: Rescheduling restart of crashed service com.samsung.android.da.daagent/.service.DAWeekUsageService in 101276ms for mem-pressure-event
09-16 15:32:44.003  1470  1508 W ActivityManager: Rescheduling restart of crashed service com.google.android.gms/.chimera.PersistentIntentOperationService in 141276ms for mem-pressure-event
09-16 15:32:44.004  1470  1508 W ActivityManager: Rescheduling restart of crashed service com.facebook.services/com.facebook.oxygen.services.fbns.PreloadedFbnsService in 181276ms for mem-pressure-event
09-16 15:32:44.004  1470  1508 W ActivityManager: Rescheduling restart of crashed service com.google.android.gms/.chimera.PersistentIntentOperationService in 221276ms for mem-pressure-event
09-16 15:32:44.004  1470  1508 W ActivityManager: Rescheduling restart of crashed service com.google.android.gms/.chimera.GmsIntentOperationService in 261276ms for mem-pressure-event
09-16 15:32:44.285  1470  1510 I ActivityManager: Start proc 24896:com.samsung.android.mapsagent/u0a150 for broadcast {com.samsung.android.mapsagent/com.samsung.android.mapsagent.receiver.PackageDeletedReceiver}
09-16 15:32:44.285  1470  1510 I ActivityManager: ProcessObserver broadcast disabled
09-16 15:32:44.441  1470  2195 I ActivityManager: Process com.android.keychain (pid 24616) has died: cch+5 CEM (93,1011)
09-16 15:32:44.505  1470  4808 I ActivityManager: Process com.aura.oobe.samsung.gl (pid 24586) has died: cch+5 CEM (126,1014)
09-16 15:32:44.548  1470  4801 I ActivityManager: Changes in 10150 19 to 11, 0 to 128
09-16 15:32:44.574  1470  4813 I ActivityManager: Changes in 10150 11 to 19, 128 to 0
09-16 15:32:44.581  1470  1510 I ActivityManager: Start proc 24957:com.brave.browser/u0a355 for broadcast {com.brave.browser/org.chromium.chrome.browser.browserservices.InstalledWebappBroadcastReceiver}
09-16 15:32:44.581  1470  1510 I ActivityManager: ProcessObserver broadcast disabled
09-16 15:32:44.617  1470  1508 W ActivityManager: Rescheduling restart of crashed service com.samsung.android.fmm/com.samsung.android.fme.offlinefinding.OfflineFindingService in 658ms for mem-pressure-event
09-16 15:32:44.619  1470  1508 W ActivityManager: Rescheduling restart of crashed service com.samsung.sait.sohservice/.service.BatteryService in 20658ms for mem-pressure-event
09-16 15:32:44.620  1470  1508 W ActivityManager: Rescheduling restart of crashed service com.samsung.android.da.daagent/.service.DAWeekUsageService in 40658ms for mem-pressure-event
09-16 15:32:44.620  1470  1508 W ActivityManager: Rescheduling restart of crashed service com.google.android.gms/.chimera.PersistentIntentOperationService in 60658ms for mem-pressure-event
09-16 15:32:44.620  1470  1508 W ActivityManager: Rescheduling restart of crashed service com.facebook.services/com.facebook.oxygen.services.fbns.PreloadedFbnsService in 80658ms for mem-pressure-event
09-16 15:32:44.620  1470  1508 W ActivityManager: Rescheduling restart of crashed service com.google.android.gms/.chimera.PersistentIntentOperationService in 100658ms for mem-pressure-event
09-16 15:32:44.620  1470  1508 W ActivityManager: Rescheduling restart of crashed service com.google.android.gms/.chimera.GmsIntentOperationService in 120658ms for mem-pressure-event
09-16 15:32:44.684  1470  1510 I ActivityManager: Start proc 25006:com.samsung.android.privacydashboard/u0a87 for content provider {com.samsung.android.privacydashboard/com.samsung.android.privacydashboard.provider.PermissionAccessInformationContentProvider}
09-16 15:32:44.684  1470  1510 I ActivityManager: ProcessObserver broadcast disabled
09-16 15:32:45.202  1470  1579 I ActivityManager: broadcastAllowList remove BroadcastFilter{ee0cf45 10147/u0 ReceiverList{84ac3bc 24767 com.facebook.appmanager/10147/u0 remote:e8073af}}
09-16 15:32:45.346  1470  1510 I ActivityManager: Start proc 25032:com.samsung.android.fmm/1000 for service {com.samsung.android.fmm/com.sam